κυκλόω_κύκλος_	2
Ἄλθαία_ἀλθαία_Ἀλθαίη_	2
όψιν	2
ζέω	2
ἔπω	2
ἀκουστός	2
ἔδαφος	2
εὐμορφία	2
πηδάω	2
χρονίζω	2
ἐπικαμπής	2
παραληπτέος	2
τραυματίας_τραυματίης_	2
ἀλλαγή	2
κατά-κάθημαι	2
ἐπιδεξι'	2
βοτάνη	2
νέμω_νέμος_	2
σφωίτερος	2
ὀνομαίνω	2
κακοπαθία_κακοπάθεια_	2
᾿ΐα	2
ἀνδάγρια	2
κερατόω_κέρας_	2
ἡμέρα_ἡμερόω_	2
έστησαν	2
μάλλιστα	2
νήφω	2
τερος	2
ποτάομαι_ποτέομαι_	2
ἐκδικία	2
ἀναβασα	2
ὐπὸ	2
αὐται	2
διψάω	2
μαρτύρομαι	2
ἀεκούσιος_ἀκούσιος_	2
Παλλάδιον	2
Αἰγιαλός	2
Στωικός_στωικός_	2
Τερψιχώρης	2
προγίγνομαι	2
ῆρχεν	2
αἴρω_ἆρα_	2
Αιολικῶς	2
πειρήσοντα	2
βράσσω_βραδύς_	2
συστροφή	2
παρακλίνω	2
πρόσοψις	2
Φαιστός	2
καλός_κάλλιον_	2
βαίνω_βέομαι_	2
παρά-ἱστορέω	2
σκεπάω_σκέπτομαι_σκέπω_σκέπος_σκέπη_	2
ἀμογητί	2
μεταληπτικός	2
αὐξάνω_αὔξησις_	2
δαψιλός_δαψιλής_	2
κροταλίζω	2
περιέπω	2
έ	2
ἀποτρεπτικός	2
Νεστόρεος_Νέστωρ_	2
ἡλιακός	2
δάσος	2
ἀντιπαρατίθημι	2
ὑπεξαιρέω	2
σίαλος_σίαλον_	2
Πλειάδες_Πλειάς_	2
στένωμα	2
τολμήεις	2
Παλαίμων	2
ἀποξύνω	2
αἴθω	2
Φίλαιος	2
ὁμηρικώτερον	2
Διομήδη_Διομήδης_	2
ἄνω1_ἀνίημι_ἄνετος_	2
εἰκοσίπηχυς	2
ῥεῦμα	2
τυγχάνω_τύχη_	2
Ἀπαισός	2
ηχεῖ	2
παρατυγχάνω	2
παναίθησιν	2
νυνί	2
Ἅδωνις	2
for	2
μαλα	2
Ὀρχομενός	2
ἐκκόπτω	2
μαχαίριον	2
ἐλέσθαι	2
βιόω_βιώνης_	2
ἴδη_εἶδον_	2
δήν	2
κοινόω	2
μέλεος	2
κάρτος	2
δυνατον	2
ἰσόθεος	2
ὄρνεον	2
ἀδικία	2
στεναχέω	2
γονάω_γονεύς_γονή_	2
λείβω	2
παράταξις	2
ὀρυμαγδός	2
κορυνήτης	2
Δαρδανία_Δαρδάνιος_	2
ἁπλόος_ἁπλός_ἁπλόω_	2
αὔξησις_αὐξάνω_	2
ἰσοσύλλαβος	2
ἐπώνυμος	2
ἐπίτευγμα	2
συμπέρασμα	2
ἐπί-κενόω	2
οξύνεται	2
ἐναλλάξ	2
μέσσατος	2
εἰκάζω_εἰκών_	2
ἀρίδηλος	2
ἐπιθυμητικός	2
κοιρανέω	2
ἀπονέμω	2
ἀνοίκειος	2
ὑπομενητικον	2
κρῖμνον	2
βροντάω	2
τεῖχος_τειχέω_	2
ἠῶθεν_ἕωθεν_	2
διιστάω_διίστημι_	2
Ἡραν	2
Ζεύς_ζῆνος_	2
ἀπτοεπής	2
εὐεπίφορος	2
πρόχειρον_πρόχειρος_	2
ἄλφιτον	2
ὁμοιόπτωτος	2
ιζ	2
χρῆσις_χράω2_	2
έοικεν	2
ἅπτω_ἥβη_ἡβάω_	2
πέσος	2
όρινεν	2
θορυβώδης	2
Δωδωνίς	2
ἰόω_εἰμί_εἶμι_	2
έκ	2
λάζω_λάσιον_λάσιος_λανθάνω_	2
μοναρχία	2
ἔσθος	2
ἐνικλάω	2
πύρωσις	2
Δάρης_Δάρας_Δάρα_δέρω_	2
ἄω	2
Μύσιος_μυσιάω_μυσία_	2
ζῆλος	2
νομεύς_νομάζω_νομή_	2
ἄρος_Ἄρης_Ἄρις_Ἄρευς_	2
νηγάτεος	2
᾿Αλέξανδρον	2
κατάβασις	2
πότιμος	2
μέλη_μέλος_	2
ΐκρια	2
ἐπιδιφριάς	2
ρανίδες	2
ὄφελος	2
ἐπαιγίζω	2
αἰτιώδης	2
ἄνευθε	2
περιμένω	2
χειόνος	2
ἀτυχία	2
αυτὸυς	2
θηρίον_θηράω_	2
Αχιλλεως	2
ὑπερβολη	2
μαντιν	2
κακείνοις	2
φθίω	2
κράτιστος	2
ἐπίθετον_ἐπίθετος_ἐπιτίθημι_ἐπιθέτης_	2
αἴθρη	2
Ἡρόδοτος	2
ποτικός	2
Περσεφόνη_Φερσέφασσα_	2
ἀποσπάω	2
Ἐπίχαρμος	2
πιστός1_πιστόν_πιστός2_	2
Ὁδυσεὺς	2
διάγω	2
καλλιεργία	2
νέω1_νέομαι_νέω̄_νέω_νέω3_νόος_	2
ἀκέω_ἀκούω_	2
οχέων	2
καλλίρους_καλλίροος_	2
κάκωσις	2
αιτιατικήν	2
ἐπίσχοιες	2
οἰκοδομέω	2
κωμικός	2
ἀργείους	2
γονεύς	2
κόπος_κοπόω_	2
τρυφάω_Τρύφων_	2
ενώπια	2
ψυχικός	2
ἱερεῖον	2
ὀρμὴν	2
ἑπτάμηνος	2
ἀγακλυτός	2
Αὐγείας	2
ἀγορῆ	2
ἀβλής	2
οἰνοχοεύω	2
εὔπρηστος	2
ὀφειλει	2
Φαῖστος	2
ῥινέω_ῥινόω_ῥινόν_ῥινάω_ῥινός_	2
ἅρμοσις_ἁρμόζω_	2
ἐξαλλαγή	2
πτερωτός	2
ἡνιόχη_ἡνιοχέω_	2
πηκτός	2
Erbse	2
ἀίω1_ἀίω2_	2
εποίει	2
κτυπέω	2
ἐπι	2
μεσόω_μέσος_	2
οἰκονομία	2
δηλοῦσθαι	2
Ηρακλῆς	2
ὑπήκοος_ὑπήκους_	2
συγκοπην	2
ῥιζόω_ῥίζα_	2
σπέρμα	2
ἀλαζονεία	2
ἡνιοχεύς	2
ἀναίδεια	2
ἀραρίσκω_αἴρω_	2
ἔρδω	2
μυρίς	2
προσδιασαφέω	2
ἐπίσταμαι_ἐφίστημι_	2
Ἰπποδάμεια	2
οἰκέω_ὀίζω_ὠίζω_	2
ὠμηστής	2
κνισμός	2
παραμένω	2
κόρος2_κοῦρος_	2
ἑσπερινός	2
εὑρετός	2
έκαστα	2
ἡνιοχεύς_ἡνιοχέω_	2
καναχίζω	2
περί-ἵημι	2
έχεται	2
διλογία	2
δῶμα_δίδωμι_	2
ὀρχηστής	2
κτῆμι	2
ἀπαρνέομαι	2
ἐπισύρω	2
θυμιάζω_θυμιάω_	2
ἐκπληρόω	2
συναριθμέω	2
γράφουσιν	2
ἕλη_ἕλος_αἱρέω_	2
Ἱπποδαμείη_Ἱπποδάμεια_	2
τροπικός	2
οὐδενόσωρος	2
βράχεα_βραχύς_	2
ποτός_ποτή_πρός_ποτέ_ποτόν_	2
χείρωνχείρων_χείρων_	2
περιβαίνω	2
Σκυθία_Σκύθιος_Σκυθίη_	2
ἐδητύς	2
τίζω_τίνω_	2
διασῴζω	2
ἄνυδρος	2
νιφόεις	2
συμφώνησις_συμφωνέω_	2
ἠχή_ἠχέω_ἀχέω2_ἄχος_ἀχεύω_	2
πάγος	2
ἀνίημι	2
Αττικῶς	2
ἄκρον_ἄκρος_	2
ἀποβλέπω	2
φιλομμειδής	2
ἐνεδρεύω	2
πεντηκοντάς	2
οἰ_ὄις_	2
ἀπολελυμένως_ἀπολύω_	2
κομιδῇ	2
ὕφεσις	2
Ὕπνος_ὕπνος_	2
πηγή_πηγός_	2
διασπείρω	2
Ἐπίγονος	2
ὅτἂν	2
ἀπομυθέομαι	2
πούς_ποδίς_	2
ὑποφθάνω	2
σμαραγέω	2
ἀπρόσληπτος	2
συνοικίζω	2
ἐρεμνός	2
σκηπτρον	2
οὐτὲ	2
ἀναβατός	2
ἀραρίσκω_ἄρδω_ἄρσης_	2
ὀπίσσῳ	2
ἀρδμός	2
κροαίνω	2
σέβω	2
ἑκάτερθε	2
παντευχία	2
Πύλαιος	2
ἔξειμι2	2
μύρον	2
ἄλφη	2
μέσος_Μέσση_	2
νευρά_νευρή_	2
ψόφος	2
δηλοι	2
αιγῶν	2
λογιστικός	2
ΐριξ	2
ήμισυ	2
πυρός_πῦρ_	2
φορά_φορεύς_	2
ποικιλόω_ποικίλος_	2
φύω_φύος_	2
θήρα	2
τοῦτεστιν	2
Ἀμφίμαχος	2
έοικε	2
μύρω_μύρον_μῦρος_μυρόω_	2
παράλειψις	2
λάζω_λάζομαι_	2
δοτικην	2
γὴν	2
οἰχνέω	2
ἀποτροπή	2
σκοπέω_σκοπάω_	2
δοκέω_δόξα_	2
Ἐπιμηθεύς	2
εἰς_ἐν_	2
συμπλέκω	2
ὑποβλέπω	2
ἐφέπω	2
ἐριαύχην	2
γυιόω	2
βίβημι	2
Μελανίππη	2
παροικέω	2
δεκάς	2
κληρόω_κλῆρος_	2
ἀτρύγετος	2
ἐρωτάω_ἐρώτησις_	2
ἀμαυρός	2
σμύχω	2
ὄις_οἰ_	2
ἐλάσσων_ἐλασσόω_	2
στηρίζω	2
ἐθνικός	2
Πολυδεύκης	2
ῥιγέω_ῥιγόω_	2
ἀπολύω_ἀπόλλυμι_	2
μήτρως	2
ποπόλεως	2
επίσταται	2
ἔγερσις	2
κύπριος_Κύπριος_	2
ἐξαρτάω	2
τέκμαρ	2
ξέω	2
Ήλιν	2
κατακλάω	2
ἐκρήγνυμι	2
ἀλαπάζω	2
διεξέρχομαι	2
ἀλ'λ	2
εταῖρον	2
έρυσαν	2
εκατέρωθεν	2
ἱέραξ	2
ἀνηλεής	2
ἀνά-ἴπτομαι	2
μοῖρα_μοιράζω_μοιράω_	2
σεπτικός	2
δόκησις	2
Ἀχιλλευς	2
κυπάρισσος_Κυπάρισσος_	2
ώστε	2
θέω_θεῖος2_θεῖος1_	2
κατά-στυγνάζω	2
προσεκτικός	2
ἀργυρόπεζα_ἀργυρόπεζος_	2
οἰονεὶ	2
τίω_τίνω_τίζω_τίσις_	2
ὀστᾷ	2
προθέω_προτίθημι_προθέω1_	2
τιμάω_τιμόω_	2
ἀπειλέω2_ἀπειλέω_ἀπειλέω1_	2
παχνόω	2
Ε	2
συλήσων	2
ὄγμος	2
βρόγκος_βρόγχος_	2
Κλονίος	2
Ωρίων	2
Τεννης	2
πανταχόθεν	2
Ἡράκλειος	2
τιμάω_τιμέω_τίμησις_	2
σέλας	2
μεγαλόφωνος	2
απὸ	2
τάχα	2
Καδμου	2
Απόλλωνος	2
ναῦς_ναός_	2
ὄζος	2
τοῦναντίον	2
φλύαρος	2
μελλοντα	2
ἀνατολάς_ἀνατολή_	2
καρη	2
έεργε	2
ἀική	2
ἥρης	2
ἀψευδής_Ἀψευδής_	2
αναστραφήσεται	2
χωρος	2
μηνιάω	2
ζαής	2
περισὸς	2
ἱστίον	2
ἑκατέρωσε	2
ποιητέος	2
τάφος1	2
Φερσέφασσα_Περσεφόνη_	2
εὔτολμος	2
πασά	2
αὐτις	2
σφεῖς_σφός_ἕπομαι_	2
θηριόω_θηρίον_θηράω_	2
ζα	2
ἀρνευτήρ	2
καλλιγύναιξ%2	2
αντίφρασιν	2
Κλυταιμνήστρη_Κλυταιμνήστρα_	2
ἀκμάζω_ἀκμή_	2
έερσα	2
ἐπιστροφή	2
επίρρημα	2
μήπως	2
μηδέπω	2
πολεμικῆ	2
ἀάω	2
όχεα	2
μεγαλωστί	2
μεταπρέπω	2
περισώζω	2
ἑκατόμπολις	2
εταίρους	2
Μίλητος	2
ἀπάλλης	2
τηλέμαχος_τηλεμάχος_Τηλέμαχος_	2
φύγη	2
Ελλάδος	2
προενεκτεον	2
ὁδός2_ὅδε_ὁδός1_	2
δολοφονέω	2
φιλόξενος	2
χλούνης	2
ἐπομένοις	2
ὕπαιθα	2
νοσσιὰν	2
ἀμετροεπής	2
λαφυραγωγία	2
ἐγχεσπάλοι	2
Κασσάνδρη	2
πάσσω	2
εὐνή_εὐνάω_εὐνάζω_	2
Περικλύμενος	2
τεκμηριον	2
βρυχάομαι	2
ἐκφαυλίζω	2
όρθρου	2
παλαιστής	2
σαρκίς_σάρξ_	2
φάος_φώς_	2
ηῦτε	2
Νικιας	2
Ἔλενον	2
ληπτέος	2
Ἡφαιστον	2
πολίχνιον_πολίχνη_	2
ευθείαν	2
πενέω_πένης_	2
Τρῶς	2
ἐνεστῶς	2
βραχειαν	2
όεσσι	2
πολυλιτάνευτος	2
εὗτε	2
ὁπάζει	2
μάκαρ	2
ἵημι_ὅς_	2
ἀρχης	2
Πάρις_πάρειμι2_	2
μυθεύω	2
ἄδμητος	2
όζος	2
σκέπτομαι	2
φωνησαντε	2
Πατροκλου	2
ναρκάω	2
ἐσθής	2
ἐπικρατής	2
τις_σύ_	2
Παμφιλος	2
προσάγω	2
οἴνον	2
δηιόω	2
αἰών	2
συνέδριον	2
διάγραμμα	2
ἐγκεράννυμι	2
ὁμόφωνος	2
χειρόω_χείρων_	2
Γερήνιος	2
Ἑλληνες	2
ἐπιστήμων	2
ἀφαμαρτάνω	2
δηλοῦντος	2
ἄχρης	2
θοόω_θοός_	2
Ἑλλάνικος	2
πλανηθεντες	2
πολύστιχος	2
ἀστρονόμος_ἀστρολόγος_	2
σάρξ_σαρκάω_	2
Ευφορίων	2
ίσου	2
γλαυκόω_Γλαῦκος_Γλαύκος_γλαῦκος_	2
Ἄρεος_Ἄρης_Ἄρις_ἄρος_	2
γναθμός	2
εκληπτέον	2
σιγαλόεις	2
σιδηρόω_σίδηρος_σίδηρον_	2
ἀμέτοχος	2
ἀνατείνω	2
αἰτιάομαι	2
εάγη	2
ἀναπνοή	2
Σαρδώ	2
τραγῳδία	2
ἔμψυχος	2
117	2
πρόβουλος	2
νέμεσις	2
φᾶρος	2
ραψῳδίᾳ	2
ἐπίσκοπος1_ἐπίσκοπος2_	2
διαφανής	2
προκαλίζομαι	2
τρίχα_θρίξ_	2
μεγά	2
ώς	2
εο	2
θαμίζω	2
ἐπίγειος	2
σῶς_σαόω_σώζω_	2
διαλόγον	2
εἰδε	2
διαμετρέω	2
Νηρηίς	2
προεἰρηκέναι	2
Πελοπα	2
Ἑλληνας	2
δεξιάζω_δεξιά_δεξιός_	2
γενναιος	2
Σκαιαί_Σκαίη_Σκαιός_σκαιός_	2
συνώνυμος	2
μύκη	2
εφαίνετο	2
ἐρατίζω	2
ἐπαλληλία	2
φ	2
στήσα	2
Ἀντήνωρ	2
σιγάω_σίγιον_	2
βραχύνω	2
κνίζω_κνῖσα_κνισάω_κνῖσος_	2
μυστήριον	2
κορέω_κόρη_	2
καταρρέζω	2
εὐβουλία	2
σημειώδης	2
ἀξίωμα	2
ἑρμηνεύω	2
ἐπιμαρτυρέω_ἐπιμαρτύρομαι_	2
προσρήγνυμι	2
ναῦς_ναός_νεώς_	2
ἀστήρ_ἀστερόω_	2
ὲ	2
ηύδα	2
μάχη_Μαχάων_	2
λυάω_λύω_	2
ἐναλίγκιος	2
ἐμπίμπρημι_ἐμπρήθω_	2
εποίησεν	2
ἀμφεσίβοιαι	2
ἀπαριθμέω	2
ἐπεξεργάζομαι	2
συνωρίς	2
κτῆσις_κτάομαι_κτείνω_κτέομαι_	2
αντωνυμίαν	2
δοκή_δοκάζω_δοκώ_δοκέω_δοκόω_	2
ξεινοδόκος_ξενοδόκος_	2
θύω2_θυάω_θύω1_θύον_	2
λαισήιον	2
προσφωνέω	2
προσφυγή	2
εαν	2
ὀρεσκῷος	2
ματαιόω_μάταιος_	2
ξένος2_ξένη_	2
ὑποστιγμῆ	2
φα	2
ἐπικίνδυνος	2
σφαιροειδής	2
ἄγχω	2
Κυθέρεια	2
έζω	2
δμωή	2
Σαγγάριος	2
εἰσβάλλω	2
Αλεξάνδρου	2
βοήθημα	2
σημαίνη	2
πόμα	2
κῆπος	2
φυσίζωος	2
τειχέω_τειχίον_	2
μνάομαι	2
ἀρή	2
πολυανδρεῖον_πολυάνδριον_πολυάνδριος_πολυανδρέω_	2
φίλος_φῖλος_	2
ἐπιφράζω	2
ὀδυνάω_ὀδύνη_	2
πραγματος	2
ἐχούση	2
ἀσπάσιος	2
σύν-λέγω1	2
σιδήρειος_σιδήρεος_σιδηρεία_	2
βαμβαίνω	2
εὐτρεπίζω	2
πολύκεστος	2
ἀνδρα	2
δηλαδή	2
ἀργής	2
περίβασις	2
κάρα_κάρρον_κάρ_	2
ἄγω_ἔσσομαι_	2
Λεκτός_λεκτός_	2
εἰσ-εἶδον	2
εὐρύχορος	2
κοῦφος	2
δάπεδον	2
αὐτης	2
συμπεριλαμβάνω	2
φοιτάω_φοιτάζω_	2
πέπνυμαι	2
Δῆλος_δῆλος_	2
κρῗμνον	2
Βατίεια	2
νεωστι	2
φρέω	2
σείω_εἰσίζομαι_	2
ἐγγράφω	2
Θρακης	2
τεχνίτης	2
θεμείλια_θέμεθλα_	2
πατρόθεν	2
Ἀρκεσίλαος	2
συναγωνίζομαι	2
χαλκεοθώραξ	2
ἀναπλέω_ἀναπλόω_ἀνάπλοος_	2
ἐποικοδομέω	2
πόλις_πολέω_πόόλις_πολιόω_πόλιον_	2
κακός_κακόω_	2
Κρόνια_Κρόνιος_Κρονίων_	2
Βριάρεως	2
κυκλικός	2
Δολίος	2
ἐκδοχή	2
δειπνέω	2
ὄπλα	2
δεῦτε	2
Θ	2
ἀλάομαι	2
αλλῷ	2
ἐμπλοκή	2
ἀνδρομάχος_Ἀνδρομάχη_	2
Μελικέρτης	2
ώριζεν	2
Ἐριχθόνιος	2
εκείνης	2
δοῦλος	2
Πανέλληνες	2
Αριστοφάνης	2
πεύθομαι	2
χῶρα	2
τελήεις	2
λέγω2_λέγω3_	2
στόλος	2
ἀορτήρ	2
ἀλλ’	2
Αἵαντος	2
160a	2
πρόκροσσοι	2
ἀμβρόσιος	2
ἀμέλεια	2
ὠκύαλος	2
σύμβουλος	2
Ϊακὸν	2
Ν	2
εὐράξ	2
αἰει	2
τέρσομαι	2
ἀριστάω_ἄριστον_ἄριστος_	2
ἐσθ	2
συναλιφῆ	2
διαφωνέω	2
Περσεύς	2
Δια	2
παλλακή	2
Πράκτιος	2
ἀπορρώξ	2
ἀνθ	2
επομένοις	2
Κυπρία_Κύπριος_κύπριος_	2
λάσκω	2
συντρίβω	2
ἀντιάω_ἀντιάζω_	2
θεομαχία	2
ἀποχθονὸς	2
ὡσαύτως	2
ὑπείκω	2
διχῆ	2
οία	2
κνῖσος_κνῖσα_κνισάω_	2
ξηραίνω	2
ὁμοκλέω_ὁμοκλάω_	2
ἐνδιατρίβω	2
ἐλελίζω2_ἐλελίζω1_	2
ἀπάρχομαι_ἀπέρχομαι_	2
ἴσος_ἔισος_	2
σύνευνος	2
ἵκω	2
Κεφαλληνία_Κεφαλλήνιος_Κεφαλληνίη_	2
Λέλεγες	2
καθοράω	2
κατωφερής	2
ΐει	2
Μουσας	2
ὄμβρος_ὀμβρόω_ὄμβρος_	2
σής_σός_	2
ἀπειλέω1_ἀπειλέω2_ἀπειλέω_	2
ἀτύχημα	2
σύστημα	2
εὔχρηστος	2
πατέω	2
τρίκορος	2
τίνυμαι	2
γλῆνος	2
σαφηνίζω	2
ἄμπελος	2
όλεθρος	2
έασκε	2
δέω2_δεύομαι_δεύω2_	2
λεγείν	2
μῶμος_Μῶμος_	2
Ὀδυσσευς	2
Ἱσίοδος	2
ἐπιμίξ	2
βλάπτω_βλάβος_βλάβη_	2
συμβουλία	2
ὑπo	2
ἀνδρος	2
ἀρή_ἀράω2_Ἄρης_ἀρά_	2
ἀρητήρ	2
ἄρχω_ἄρχων_	2
εὔδεις	2
ἄρχων_ἄρχω_	2
ἀσφάλεια	2
παγχυ	2
Ωκεανου	2
Μολίονε	2
στεναγμός	2
θ	2
βλῆτρον	2
εὶ	2
προτέρω_πρότερος_	2
μεσημβριάω_μεσήμβριος_μεσημβρία_	2
ἄκρις_ἄκρα_ἄκρος_	2
ἱστός	2
Γοργών	2
συμπίτνω	2
ϊδίως	2
προτίθημι	2
Δωδώνη	2
σημάντωρ	2
πάρδαλις	2
ἀμπεδίον	2
νίφω_νίζω_	2
δῆλονοτι	2
παριστάω_παρίστημι_	2
Ναυσικάα	2
ὡσανεί	2
ἄπυρος	2
βουκόλος_βούκολος_	2
ἑπτά_ἑπτάς_	2
ἡμας	2
Ναυσίθοος	2
έδρας	2
σῦριγξ_συριγγόω_	2
παίζω	2
καταμένω	2
φιλολογέω	2
ἀνέλπιστος	2
Ἀριστοφανει	2
ἥδη	2
κατεκευασεν	2
κόρος3_κόρος2_κόρος1_	2
ὑποπλάκιος	2
Αἰγύπτιος	2
κόος_κοάω_Κόων_	2
παιδας	2
βλασφημέω	2
χοῖνιξ	2
πένομαι	2
τρέμω	2
τυφλός	2
ἰ	2
αἰσχύνη	2
Αιολικόν	2
ταλαός	2
θάνατος_θανατόω_	2
δημός	2
Μαίων_Μάιος_μαῖον_	2
μέλω_ἐπιμελέομαι_	2
ἀγορά_ἀγοράζω_	2
Τερπιάδης	2
πολύς_πόλις_	2
αγροῖς	2
ἀρά_ἀρή_αἴρω_	2
ἀποπτύω	2
οἶνος	2
όδε	2
Προιτου	2
ευθεῖαν	2
πύθω	2
ὄσον	2
Δ	2
δεδηὼς	2
Ἁρμονίδης	2
άπερ	2
υστέρου	2
εξοχὴν	2
ἔγκατα	2
Ἀθηνά	2
ξηρά_ξηρός_	2
ὕμεων	2
σκότιος_σκοτάω_	2
Αἴσηπος	2
ψῆφος	2
ἄκουσις	2
ήγαγες	2
ἐνεωλκήκει	2
ἀφορίζω	2
ἐπιορκέω	2
προσαγορευτικη	2
Ϊακόν	2
συνδιώκω	2
ἅδην_ἅδος_	2
δι’	2
ᾕ	2
δαίζω	2
παλαίφατος_Παλαίφατος_	2
πατρος	2
Ελένην	2
συμπλοκή	2
λύκος	2
ἐπέοικε	2
ἐπινηνέω	2
κακη	2
ορθοτονήσωμεν	2
ἔσθω_εἰμί_ἔστε_	2
ἐξαπίνης	2
αντιδιαστολὴν	2
ἀχεύω_ἦχος_	2
διστίχιον	2
συνήκω_συνίημι_	2
δυσαρεστέω	2
ἑκούσιος	2
ἄμβροτος	2
φιλοχρήματος	2
ἀρτάω	2
δεύομαι_δέω2_δεύω2_	2
μακροκατάληκτος	2
διάκενος	2
ἐξεράω_ἐξερέω_	2
άτε	2
ἑμὲν	2
ἐλεέω	2
ἐπικράτεια	2
παρρησία	2
ἥδομαι_ἧμαι_κάθημαι_	2
βρέμω	2
βένθος	2
όχθας	2
ἐμφέρω	2
έντεα	2
κατά_κάτος_	2
μίμημα	2
ἔπειμι2_ἔπειμι1_	2
πρύμνον	2
Ἱππομέδων	2
ἀθλοφόρος	2
φυτόν_φυτός_φυτάς_	2
παιδοποιέω	2
παροιμιακός	2
ἀπαγόρευσις	2
βλέπω_βλέπος_	2
κάστωρ_Κάστωρ_	2
ήγαγεν	2
εἴκελος	2
ἀλαζονικός	2
εἶμι_ἴσος_οἶδα_	2
πολύρρηνος	2
ζόφος	2
σφεδανός	2
προεἰρημένην	2
ἡνιοχέω	2
ἀγρός	2
παραγωγεύς_παραγωγή_	2
ἀλεγεινός	2
Τρωάς	2
λάζω_λάω2_λάω1_	2
σχολή	2
ὀνίνημι	2
δεῖνος_δεῖνα_	2
Οδυσσεία	2
μαχάω_μάχομαι_μαχέω_συμ́ω_συμμαχέω_	2
θος	2
ϊεῖσιν	2
Παρμενισκος	2
εχρήσατο	2
προερύω	2
Ζενοδοτος	2
οἴκον	2
όχλοις	2
ὄρος_ὀρός_	2
ἐξουσία	2
λιγύς_λιγέως_	2
ὑπομονή	2
ἁλος	2
Οίτυλον	2
πάγκαλος	2
ὁλόκληρος	2
πέδον	2
στέγος_στέγη_στέγω_	2
λεχεποίη_λεχεποίης_	2
κόχλος	2
ἄνομος	2
τῷ_τίς_τις_ὁ_	2
συνεργέω	2
ἀναβολή	2
παρά_πῆρος_	2
λιγυρός	2
ἀπατηλός	2
Πυλαιμένης	2
ζάω_ζέω_Ζεύς_	2
αἴτημα	2
δαί_δαίς1_	2
τέταρτος	2
μαλθακός	2
ἀμείλικτος	2
ἐπιφέρνια	2
αγαθός	2
κάθυδρος	2
καθώς	2
κενεών	2
πρεσβεία	2
θῦμα	2
ανθρώπων	2
ἀζαλέος_ἀζαλέα_	2
σφός_σφάζω_σφεῖς_	2
αμφοτέροις	2
Ερμῆν	2
ὕγ᾽	2
Φιλότιμος	2
ζώῳ	2
ἐνδέω2_ἐνδέω_ἐνδέω1_	2
ἀπαγγελτικός	2
οψαΐοντες	2
κύριος_κυρέω_	2
ἔρως_ἔρος1_	2
φόρος	2
αἱεὶ	2
καταβιβασμός	2
ἐπιπίπτω	2
προνοητικός	2
Λαέρτης	2
ἀρμόζει	2
σῦριγξ	2
ἄναξις_ἀνάξιος_	2
ἀφορμή_ἀφορμάω_	2
συνεμπίπτω	2
Δόριος	2
ετεόν	2
Θεστορίδης	2
Δερκετὼ	2
Ἥλιος_ἠέλιος_ἥλιος_	2
αἰάζω	2
χαλκευτικός	2
Άντεια	2
τάλας	2
ζωάγριος_ζωάγρια_	2
αὐχέω	2
κορώνη	2
Ποσειδὼν	2
ἀγνώμων	2
μέλας_μέλαινα_μελαίνω_	2
ὑποδμώς	2
ῥέος_ῥέον_Ῥᾶ_Ῥέα_ῥέα_	2
σέλας_σελάω_	2
ἐπιτάσσω_πετάζω_	2
όντων	2
ὀδύσσομαι	2
ἐρ́εθω	2
ἐμέω_μάομαι_ἐμός_	2
στερρότης	2
ὄτε	2
Πανθοΐδης	2
προτάσσω_προσάγω_	2
φερώνυμος	2
λιλαίομαι	2
ἀμφιχέω	2
ὑφίστημι	2
Ἀλφειός	2
Ρῆσον	2
ἑκῶν	2
θεον	2
ὀλίγηπελέων	2
Σειρήν	2
ὀδύνη	2
πῖος	2
ἀζαλέα_ἀζαλέος_	2
Ἀττικῆ	2
Ὁμηρος	2
γίγας	2
ὄρθρος	2
βουλεύς	2
ἀγανάκτησις	2
ἀήτη_ἀήτης_	2
νέω3_νέω2_νῆσος_νέω_	2
ἀναιρέω_ἀνιερόω_	2
ἐλάτη_ἐλάτης_	2
ἕλωρ	2
Υ	2
ἡθικῶς	2
ὅυτως	2
μειλίσσω	2
γαλήνη	2
Σάμος	2
ἠλίβατος	2
Θαίς	2
δερματόω_δέρμα_	2
ἐπιπολάζω	2
ἄγριος_Ἄγριος_	2
παρόω_πάρειμι1_	2
πλάγιον_πλάγιος_πλαγιόω_	2
ἐπιστενάχω	2
Ἐφύρα_φύρω_φυράω_	2
μυθέω_μυθέομαι_	2
λαμπρύνω	2
πῶλος	2
Ἐλλήσποντον	2
οις	2
ἀναφαίνω	2
ἀξιόλογος	2
αὐγής_Αὐγέας_	2
ἔοικα_οἶκος_	2
περιλείπομαι	2
παραφρονέω	2
ἀντάω	2
ἠσυχάζειν	2
Καδμεῖος	2
Κύθηρος_Κύθηρα_	2
ὠμοθετέω	2
ἐπιφάνεια	2
ἔρος1	2
μιγής_μίγνυμι_	2
εἰσόκε	2
ἠέλιος_Ἥλιος_ἥλιος_	2
δεξιός_δεξιόομαι_δεξιά_	2
παλινόρμενος	2
οπος	2
κομπάζω	2
εὰν	2
σύναρθρος	2
τύπος_τύπον_	2
πληθύω	2
πρῴτῳ	2
Σινωπική_Σινωπικός_	2
δημογέρων	2
κυματόω_κῦμα_	2
ζωγραφικός	2
θοός	2
φερων	2
καταρρέω	2
ενεστῶτα	2
Δημοσθένης	2
ἄγω_ἀγάω_	2
σιδηρὰν	2
ἀριστεύς_ἄριστος_ἀριστάω_	2
ἤπιος	2
Βέλλερον	2
Λαίς_ληίς_	2
μήπω	2
παύροι	2
συντελέω	2
ἧχι	2
Ῥᾶ_Ῥέα_	2
εσσεῖται	2
πυνθάνομαι_πύθω_	2
κυβερνήτης	2
ἀσταχυας	2
ἁψίς	2
τριχῆ	2
τοῦς	2
ἔοικα_εἴκω_ἔχω_	2
ὁμοίωσις	2
εχθρὸν	2
ἀλετρεύω	2
ἰότης	2
αῦτα	2
ὀμφή	2
ἄτη	2
κραταιός_κραταιόω_κραταιόομαι_	2
Σκύρας_Σκῦρος_σκῦρος_σκύρον_	2
ασπίδι	2
ἀπειλέω_ἀπειλέω1_ἀπειλέω2_ἀπείλησις_	2
ἀντεῖπον	2
Εὐρύαλος	2
ῥάζω_ῥαίνω_	2
῾Ελένην	2
ἐπιπώλησις	2
ήλυθεν	2
συνέργω	2
ἐκφαίνω	2
χρυσόηλος	2
βασίλειος	2
Ζῆθος	2
Θετιδος	2
πολιορκία	2
ἐξάλλομαι	2
ῥῖψις_ῥίπτω_	2
οὗπερ	2
Φοινίκη	2
στρατάω%2_στρατόω_στρατός_	2
σιτέομαι_σιτίον_σιτέω_	2
κείνται	2
λάους	2
Tυδεὺς	2
ἄσπετος	2
παρειά	2
λιθόβολος	2
προτερέω	2
αἰπόλιον	2
μηνίω	2
ἔνθαδ'	2
Μαῖα_μαῖα_Μάιος_	2
ἀλκή_ἀλκάζω_	2
ὁμόσε	2
αλφα	2
συνᾴδω	2
πάντοθεν	2
συναρμόζω	2
ρ’	2
μνηστεία	2
Πηληϊάδης	2
αἴτιος_αἰτέω_	2
επείγει	2
ἐπονομάζω	2
ἀραιός	2
σκῦρος_Σκῦρος_	2
τρέφω_τρέφος_	2
εθέλεις	2
τίλλω	2
τρια	2
ἕκτος_ἕκτη_	2
ἀντιπαράθεσις	2
αῖγες	2
ἐπικλάω_ἐπίκλησις_	2
ὕλη_Ὕλη_ὗλις_	2
αγαθὸν	2
Τάνταλος	2
καθε	2
Ἀλισίου	2
θεάω_θεάομαι_	2
ποίμνιον_ποίμνιος_	2
βέβηλος	2
μετάφρενον	2
διά-ἀγείρω_διά-ἐγείρω_	2
ἐνδεκάπηχυ	2
Θοώτης	2
λύχνος	2
βραχίων_βραχύς_	2
όττι	2
ἔντερον	2
πολὴν	2
πρόγονος	2
καθάλλομαι	2
ὁπλα	2
ἅδος_ἁνδάνω_ὅδε_	2
φορήτους	2
Αἰθιοπία_Αἰθιόπιος_	2
τύπτω_τύφω_	2
οξυτονητέον	2
ξενόω_ξένος1_ξένος2_	2
ὕμμες	2
Χαίρις	2
μέλη_μέλας_Μέλης_Μέλας_	2
ἀλείφω	2
Κλυτίδης	2
ἀποφεύγω	2
ὁφείλει	2
ῶμον	2
ὑλακτέω	2
Ἀττικως	2
νεάω_νέα_ναῦς_νέος_	2
ᾐ	2
Δωδωναῖος	2
Ι	2
πυρεύς_πυρή_πυράζω_	2
περιφερεὶς	2
σιωπωμενον	2
όψον	2
τὴ	2
κλέπτης_κλέπτω_	2
τάπης	2
μετέωρος	2
δεύτατος	2
σύνειμι2_ξυνήιος_	2
Ἠλεκτρυόνος	2
καταισχύνω	2
κτυπέω_κτύπος_	2
ἐπιγαμέω_πέσσω_	2
ἐπήτριμος	2
Καρίνη	2
κάπτω	2
ὤνιος	2
Κλυτίη	2
ἀάζω_ἀάω_	2
ἐπαναφορά	2
αἰκίζω_αἰκίζομαι_	2
οὐρόσς_οὐρός_οὖροσὖρος4_οὖρος1_οὖρος2_	2
ἐπάνειμι	2
άξια	2
ἄρχω_αἴρω_	2
καθίημι	2
Θερσιτην	2
ἐγώ_ἐμός_	2
Κλυτίος	2
ἐπανω	2
Βοιωτιακός	2
ἰθύνω	2
εννέα	2
γαμέω_ἔσσομαι_	2
ἄκοσμος	2
φηγός	2
εὑρεθη	2
όρθρος	2
βρῶσις	2
χαλκίς	2
ζήτησις	2
ἀτυχής	2
στάδιος_στάδιον_	2
ἐξω	2
τροπος	2
συνοικέω	2
λᾶας	2
Ἡρακλέος_Ἡρακλέων_	2
οὐδός2_οὐδός1_	2
ἀνάπτω	2
Αθηνᾶ	2
Πειραΐδης	2
Ἐνδυμίων	2
πανσυδίῃ	2
ντ	2
Ἐπίστροφος_ἐπίστροφος_	2
κόρση_κόρσης_	2
αγρὸν	2
Ἐννοσίγαιος	2
πλόκαμος	2
Ὁμηρικην	2
ζυγόν_ζυγός_ζυγόω_ζυγέω_	2
δεξιόομαι_δεξιά_δεξιός_δεξιάζω_	2
Ϊάσου	2
τὸς	2
ῤ	2
ἐλίσσω_ἑλίσσω_	2
ἐκτομή	2
συνεξομοιόω	2
οὐρανον	2
θαμέες	2
δῖος_δίεμαι_	2
Ἡλέκτραν	2
πρoς	2
Ἀλκιμέδων	2
ἡμιτελής	2
προσφάγιον	2
λέβης	2
ἔσσομαι	2
παραβάτης_παραβατέω_	2
δαιτα	2
τρώων	2
Θόας	2
ἐγκλητικὴ	2
προτακτικός	2
φάρμακον	2
θυμος	2
ἡνίον	2
κυκλοτερής	2
πρo	2
μάομαι_μής_	2
συνθεσει	2
αναστρέφει	2
ἐκδικέω	2
ἄλλος_ἄλλῃ_	2
καθέλκω	2
ὀιζυρός	2
άμαρτε	2
αὐτῴ	2
Φυλεύς	2
ἀθετειται	2
κραδαίνω	2
ὠκύς_ὠκέως_	2
πάμπαν	2
έλαθεν	2
ϊοῦσα	2
περικύκλον	2
δοκέω_δοξόω_	2
Ἀθηνα	2
ἐν_ἐν_ἐν_ἐν-ἀντιόομαι_ἐν_ἐν-ἐναντιόομαι_	2
ἀδιάλειπτος	2
ἕννυμι_ἕζομαι_ἧμαι_ἵημι_	2
κοιλία	2
δαιμόνιον_δαιμόνιος_	2
Ἀφροδίσιος	2
Αττικοὶ	2
ἀπαγορευτικός	2
γνώριμος	2
οὐρά	2
παιδοποιία	2
πείθω_πίθος_	2
Ωρίωνα	2
έδνα	2
κοῖτος	2
δασμός	2
ἵππειος	2
μνηστεύω	2
τουτέστιν	2
ἄμπ_ἄμη_	2
Ὁδυσσεύς	2
αργυρέῃ	2
ἶδος_ἰδέω_Ἴδη_Ἴδης_ἴδη_	2
Σατνιόεις	2
᾿ΐθι	2
όρκοις	2
Κλειώ	2
λάμπη_λάμπω_	2
’	2
αἰτιολογικός	2
δυσχεραίνω	2
γελωτι	2
῾Ελλανικος	2
Φυλεΐδης	2
ὅστε	2
κυδοιμός	2
ση	2
αύτων	2
ἠβαιός	2
ἔρδω_ἔργω1_	2
ί̈κετ'	2
ήχου	2
ἀνεικής	2
βαρυτονητεον	2
δώσων_δίδωμι_	2
ἐντυγχάνω	2
αἰσθάνομαι_αἴσθησις_	2
σημείωσις	2
τούτο	2
πλέως_πλέος_	2
ιθ	2
τιμέω_τιμόω_τιμή_τιμάω_	2
εἴκοσι	2
Ἰλιον	2
ζεῦγος	2
ἄκριτος	2
ζυγός_ζυγόν_	2
ὄρθρος_ὀρθρόω_	2
Γανυμήδη_Γανυμήδης_	2
μεμπτέος	2
αἴσιος_αἶσις_	2
τρῶσις_τρέω_	2
῀Ϊσον	2
ἴ̈κω	2
κολάζω	2
ταδὲ	2
ἠχέω_ἄχος_ἀχεύω_ἀχέω2_ἠχή_	2
θρωσμός	2
μεστός	2
περικεφαλαία	2
γεωργός	2
διίημι_δίω_δῖος_	2
σπήλαιον	2
ἄλκη	2
ἐπίτηδες	2
Γανυμήδης_Γανυμήδη_	2
εκείνω	2
νεάζω	2
ἐπερείδω	2
κολεός_κολεόν_	2
ποικίλλω	2
οἰκία	2
ὑπερβαίνω_ὑπερέπτω_	2
Πενθεσιλεία	2
βάθρον	2
ληῖτις	2
ὑπολείπω	2
Λέαρχος	2
Αἰσχρίων	2
ἡγεμονικός	2
σύνδενδρος	2
εἰσβαίνω	2
ῥόδον_Ῥόδος_	2
ὑπαίσσω	2
αθανάτοιο	2
δάφνη	2
Ἐχῖναι_Ἐχινάδες_	2
Ηρῳδιανὸς	2
πυρρός	2
ἔλδομαι	2
Λοκροί_Λοκρός_	2
ἐφαρμόζω	2
ἄγω_ἄγνἄγνυμι_ἄγνυμι_	2
ἐπαρά	2
συμμαχέω_μάχομαι_	2
ἀχην	2
Σπάρτη_σπάρτη_	2
τέθριππος	2
δυσκίνητος	2
ὠφέλεια	2
symbol	2
διαχέω	2
όρσομεν	2
ἐπαριθμέω	2
Βρισεύς	2
ἀντωνυμικός	2
βουλεύς_βουλή_	2
περιοράω	2
ὀρθοτονουσιν	2
όπερ	2
Αἰολεύς_Αἰολίς_Αἰολίδης_	2
θυέστης_θύεστον_Θυέστης_	2
περονάω	2
Ἀλεξανδρος	2
μελλει	2
αἰόλος_Αἴολος_	2
ταυτολογέω	2
ἐξαλλάσσω	2
μέσης_μέση_μέσος_	2
εἱαμενή	2
σφ	2
τεκταίνομαι	2
φθία_φθῖος_Φθία_Φθῖος_	2
σταθμόν_σταθμόω_σταθμόομαι_σταθμός_σταθμάομαι_	2
Γλώσσαις	2
εἰρήνη	2
προχοή	2
ἠερέθομαι	2
ζέω_ζάω_	2
οὖθαρ	2
κοίλωμα	2
κρεμάζω_κρεμάννυμι_	2
κεραυνόω_κεραυνός_	2
Ἄνιος_ἄνιος_	2
όρινε	2
Αἰγίς_Αἰγεύς_	2
ἐπακολουθέω	2
Πλεισθένης	2
νομεύς	2
ἐπονείδιστος	2
κεδνός	2
ἀξιάω_ἀξία_ἄξιος_	2
Ὀλυμπου	2
ξιφήρης	2
διαγγέλλω	2
κτίζω_ἐκτίνω_	2
δημοβόρος	2
ἀδοξία	2
πορόω_πόρος_	2
παραβλώψ	2
ἀντιπράσσω	2
μεσημβριάω_μεσημβρία_μεσήμβριος_	2
εόντας	2
ὀνειροπολον	2
ἀεκοντί	2
ἀμφίδασυς	2
Νεστωρ	2
μεντοι	2
Σελλοί	2
τύπος	2
Όλυμπος	2
ἀξίνη	2
κρῖ	2
πέρθω	2
ετέρων	2
πολιός	2
ἴτρον	2
ῥόον_ῥόος_	2
Ἡρακλείδης_Ἡρακλείδαι_	2
μύρω	2
ἀνεμου	2
εὐκλειας	2
ἐπαινός	2
άγειν	2
ἐπιπολή_ἐπιπολάζω_	2
Τιμαχίδας	2
εὖδον	2
κατάρχω	2
τελειόω_τελέω_τέλειος_	2
ἀμφιρεφέα	2
κενός_κενόω_	2
εἰθ	2
βοάω_βοή_βόα_	2
δάις2	2
ὕστατος_ὕστερος_	2
ἐπακούω	2
ἄργυρος_ἀργυρόω_	2
ἀφραδία	2
στρατον	2
ῥέω_ῥέομαι_	2
θεῖος1	2
τονον	2
Ζηνοδότιος	2
ἀτύζομαι_ἀτύζω_	2
Παλλήνη	2
χειμερινός	2
ανάγκην	2
πιλέω	2
σέω	2
Εὐρώπης_Εὐρώπη_	2
ἐκλαμβάνω_ἐκλάπτω_	2
ἀσπίδεος	2
κατώτατος_κάτος_	2
ϊσοδυναμοῦν	2
ἔχθρα_ἔχθρη_	2
σχολάζω	2
λαβύρινθος	2
ἕβδομος	2
θάμνος	2
Εὔφημος	2
ἐνδεής	2
βάζω	2
Σφῆλος	2
Ἄργος_ἀργέω_	2
Ἀθηναίοι	2
δειπνον	2
φάρος	2
τάφος1_τέθηπα_	2
Παλλάς	2
ἀντιλύπησις	2
ὑποστιγμη	2
ὕποπτος	2
΄	2
Ἄβυδος	2
χάσμα_χασμάω_χάσμη_	2
ἄλφειν	2
φυράω_Ἐφύρα_	2
πᾶς_πάσσω_πατέομαι_	2
γεννεᾶ	2
ἰθύω	2
ἀελλόπος	2
προίστημι	2
καταθύμιος	2
εὐμαρής	2
ησ	2
συναντάω	2
ἀκροατής	2
ἄποινος_ἄποινα_	2
on	2
Κέκροψ	2
Σκυθικός	2
βάπτω	2
κανταῦθα	2
εἰκός_ἔοικα_	2
Ἰξίων	2
ἀμφικαλύπτω	2
ἑκατόμβοιος	2
πρωτός	2
αὖλαξ	2
ὁμαλός	2
μέδος_Μέδων_μέδων_μέδω_	2
όρεσφιν	2
ποτόν_πρόσειμι1_ποτός_	2
πιστός2_πιστός1_πιστόν_	2
ἐπιφορά	2
θεάω	2
Ὀλύμπιος_Ὀλυμπιεῖον_Ὀλύμπια_	2
άξιος	2
Ιλιον	2
κατένωπα	2
ἀηθέω	2
αἰπόλιαν	2
ἐπικλάζω_ἐπικλάω_	2
ἱστεόν	2
ὑποστατικός	2
νεώς_ναῦς_ναός_	2
συστρατεύω	2
ἐγχείη	2
Ἀρκαδικός	2
ἐξάγω	2
τύραννος	2
οἶκαδ'	2
ὑπήρετις_ὑπηρέτις_	2
μεταβολή_μεταβολεύς_	2
ἰσχνός	2
φαίαξ_Φαίαξ_	2
καθικνέομαι	2
ἡμός	2
κῆρυξ_Κήρυξ_	2
ήθεον	2
ὄρθιος	2
περικεφαλαία_περικεφάλαιος_	2
μεγαλόφθαλμος	2
Λυκομήδης	2
ἀεικής_ἀεκήλιος_	2
ἐντοῖς	2
ἐπίνοια	2
Ἀκτορίωνε	2
συστρέφω	2
βούκολος_βουκόλος_	2
ήρξατο	2
Λήμνιος	2
ὑποπτεύω_ὑποπτάω_	2
φαλάκρα	2
ἀτέλεστος	2
σκαιός	2
πόσος	2
πολυτρήρων	2
ἀγαθόω_ἀγαθός_	2
ἐξαπαφίσκω	2
εκατέρας	2
Ἀρσινόη	2
φώκειος	2
Ωκεανόν	2
συντονόω_σύντονος_	2
ἀπάτερθε	2
ἐπεισάγω	2
Τρωες	2
πάνουργος_πανοῦργος_	2
Ζεφυρος	2
ἐγγυάω_γύης2_γύης1_	2
τριπλόος	2
φιλάδελφος	2
χροιά	2
ἐπιπλέω_πίμπλημι_ἐπίπλοος2_	2
ἀπό-ἐμφαίνω	2
βόσκω	2
προσπελάζω	2
ταρχύω	2
διαμερίζω	2
Πλευρών	2
δεκατόω_δέκατος_δεκάω_	2
νεότης	2
Κλύτιος_Κλυτίος_	2
πρό_πρό_	2
λευκόω_λευκός_λευκόν_	2
Νότος_νότος_	2
ἐφοπλίζω	2
μεταπίπτω	2
Ἴναχος	2
ηλίου	2
μεγαλότιμος	2
ὕλη_ὑλάω_	2
Ξόις	2
πάθημα	2
ἐπισείω	2
σκω	2
Ἀθηνοκλῆς	2
εἴθε	2
αύτην	2
βιβάσθω_βιβάω_	2
ούτι	2
δηλονὅτι	2
κροκόπεπλος	2
Νικόστρατος	2
ἀνεὶ	2
τοιουτου	2
νη	2
συνόχωκα_συγχώννυμι_	2
κήλεος_κηλέω_	2
μέροψ	2
θώς	2
εὐπαθής	2
δύναμαι_δύω2_	2
ὀλιγήρης	2
τίθημι_θήκη_	2
ερ	2
ἐν_ἐν_ἐν-ἀντιόομαι_ἐν-ἐναντιόομαι_ἐν_ἐν_	2
καταῖτυξ	2
χαίτη	2
ευθεία	2
χαλκοχίτων	2
κυλίω	2
πεῖσις_πεῖσα_πείθω_πάσχω_	2
ἁρπαγην	2
προκατάρχομαι	2
διαζευκτικος	2
μέδων_μέδω_	2
ὑπόκυκλος	2
ποίησις_ποιέω_	2
αυτό	2
Λυκιας	2
τρώγω	2
χάρμης_χάρμη_	2
οργην	2
κραυγάζω_κραυγή_	2
προκατασκευάζω	2
note	2
ούτις	2
πρωινός	2
θύω1	2
δὲκάκις	2
πανσυδίη	2
ἀναθυμίασις	2
χρεωστέω	2
ἀκτή	2
μειδιάω	2
προσφθέγγομαι	2
ἀελλής	2
συλλύω	2
ἑκάλουν	2
Νεφέλη_νεφέλη_	2
λαιμός	2
οἴγω	2
Κυλλοποδίων_κυλλοποδίων_	2
μυρίαδας	2
ἐλλειπει	2
ὁρέγων	2
αδόκιμος	2
περιβλέπω	2
κατείβω	2
Ἰφίγενεια_Ἰφιγένεια_Ἰφιγενεία_	2
αἱὲν	2
Κηφισσός	2
εθέλῃσιν	2
urn	2
ἀναίσσω_ἀνᾴσσω_	2
πασαι	2
μετωπον	2
ἀπολυτρόω	2
Θράκη_Θράκευς_	2
τυγχάνω_τυχόν_	2
Μολίνη	2
σχοινίον	2
σκέψις	2
έσεως	2
Καλυδών	2
ᾔ	2
ἀμφιάζω	2
αὐγέω_αὐγή_αὐγάζω_	2
αὐθάδης	2
ὁ_τῷ_	2
ναῦς_Ναιάς_	2
ἔφοδος3_ἔφοδος2_ἔφοδος1_	2
χαλάω	2
ἕλιξ1_ἕλιξ2_	2
Μασσαλιωτικῆ	2
Ἀχιλλεα	2
κελαινεφής	2
διαζώννυμι	2
μάθος_μάθη_	2
παρίημι_πάρειμι1_παρέζομαι_	2
σκαιός_Σκαιός_Σκαιαί_Σκαίη_	2
κοινόω_κοινῇ_κοινός_	2
οικονομίαν	2
ἀφήτωρ	2
παραχωρέω	2
φθορεύς_φθορά_	2
ἔρεισμα	2
ἐγῶν	2
εἰλύω	2
θαιρός	2
Ἵστρος	2
θύελλα	2
συνωθέω	2
Δύσπαρις	2
ήν	2
ἔριφος	2
οἴτινες	2
γυμνόω	2
σπάνις_σπάνιος_	2
ἑβδόματος	2
ἀνθέλκω	2
ζώννυμι_ζάω_	2
συμφοράζω_συμφορεύς_συμφορά_	2
μῆχος	2
ὄλμος	2
Ηλείους	2
περιβόλαιον	2
ὁρκόω_ὅρκος_	2
τανύπεπλος	2
φάτης_φημί_φάτις_	2
παραβάτης_παραβαίνω_	2
στέργω	2
ἄγνος	2
οὐδενος	2
ἐπασσύτερος	2
λεοντέη	2
ὑπερηφανία	2
βουβών	2
δηλωτικός	2
μητῖτα	2
ἐλέα_ἐλεέω_ἔλεος_Ἐλεοῦς_ἐλεάω_	2
καταχέω_κατέχω_	2
Ϊκαρίου	2
αναγκαίως	2
αἰθαλόεις	2
δωρίζω_Δωριεύς_	2
ὕψος_ὑψόω_	2
Ἀμαλθίη	2
ὀργάω	2
Ί¨λιον	2
διὅπερ	2
ὑποδεξείη	2
ΐθυνεν	2
αφελόμενος	2
ἀποσφάζω	2
κάρα	2
φθόγγος	2
ἱδὲ	2
XX	2
ὑψίζυγος	2
οικοῦντες	2
στρατιωτικός	2
ἐντέλεια	2
εὑρεῖα	2
βοή_βοεύς_βόειος_βοάω_	2
λιποψυχέω	2
διά-ὡρίζω_διά-ὁρίζω_διά-ὠρίζω_	2
αξίαν	2
τρομέω	2
σμίνθος	2
περί-ἱέω_περί-ἰόω_περί-ἰάζω_	2
Ξενοφάνης	2
ανδράσι	2
μόριον_μόριος_	2
εὔκυκλος	2
ἄγνωστος	2
διάνδιχα	2
σύλληψις	2
ὄζω	2
ἀκρίς	2
βοηθέω_βοηθός_	2
ἀμβρόσιος_ἀμβροσίη_ἀμβροσία_	2
Τρίτων	2
καταφαίνω	2
δειλόομαι_δειλός_	2
ἀναλέγω	2
τεθνειῶτι	2
παρδαλέη_παρδάλεος_	2
συντυγχάνω	2
οἶστρος	2
ἀπόβλητος	2
νεωλκέω	2
ἄμφι	2
ξυρόν_ξυρός_ξυρέω_ξυράω_	2
Αεροπης	2
Διομηδει	2
ποίμνιος_ποίμνιον_	2
πρόσφημι_πρόσφατος_	2
τίνω_τις_τίς_	2
ἄτεκνος	2
τηνικαῦτα	2
προθέω1_προθέω_	2
ληίς	2
ἀγωνιάω	2
ἀναβάλλω	2
καθήκω	2
αἴγλη	2
δωδέκατος	2
Νηλεύς_νηλής_	2
κρατος	2
ὄζος_ὄζω_	2
Ἀντιβίαν	2
πύξ	2
δυσωπητέον	2
ἀγέραστος	2
ζαφελής	2
ἀνδρειόω_ἀνδρεῖα_ἀνδρεῖος_	2
ἔχω_σχάω_	2
παρασύνθετος	2
Νεστορος	2
μέτειμι2_μέτειμι1_πέδιον_πεδίον_πεδάω_	2
πολεμιστής	2
ἀναγνώστης	2
κλύω_ἐκλύω_	2
πε	2
ἀνθιστάω_ἀνθίστημι_	2
συριγμός	2
συβόσιον	2
ἀνεγνω	2
έκτασιν	2
γνύξ	2
ἐνάπτω	2
ἀσεβής	2
μονόω	2
Ὄρθη	2
ϊάσεως	2
σκυλεύω_σκύλλω_σκυλόω_σκυλάω_	2
προηγουμένως_προηγέομαι_	2
παρθενών	2
ἄκρος_ἄκρον_	2
νομός	2
ελεγεν	2
παροξυντέον	2
ἀστός	2
ῥώννυμι_ἐρρωμένος_	2
μετονομάζω	2
κλειτός_Κλειτός_	2
αυτὰς	2
ἀρίσταρχος	2
Ἀρήνη	2
παραλειπτικός	2
θορυβέω	2
Ἐρεχθεύς	2
ἄκοιτις	2
κερδαλεόφρων	2
τυραννεύω_τυραννιάω_	2
νέω3_νέομαι_νέω_	2
νέω3_ναῦς_νέω2_νέω_νέω1_	2
όπισθε	2
ἑτεραλκής	2
τυροτόμος	2
κάρα_καρόω_Κάραι_Κάρ_κάρ_καρώ_	2
εθέλεσκε	2
περίειμι1	2
ἱπποφόρβιον_ἱπποφορβέω_	2
ἐκκαίω	2
ἰσάζω	2
ψεύστης	2
αἴρω_ἀρόω_ἀράζω_ἀείρω_ἀράομαι_	2
Ἀγαμεμνονος	2
περιχώομαι	2
ἔγχος_ἐγχύνω_	2
χόω	2
ἀντέμφασις	2
ἀποβολή	2
αλλ᾽	2
Σάις	2
Ἑλενην	2
ξηρός_ξηρά_	2
δισσός	2
εὔφρων	2
ἄνθη_ἄνθος_ἀνθέω_	2
συγχωρέω	2
περιφερής	2
βουλευτός_βουλευτής_	2
σῶς	2
αὐδήεις	2
ανταπόδοσις	2
χαλεπαίνω	2
αἰδοὺς	2
ὁμηρικὸν	2
μῆλον1_μῆλον2_	2
έργοις	2
όχλον	2
φονάω_φονεύω_φονόω_	2
πολύκαρπος	2
Αἶσα_αἶσις_	2
ἀδρανής	2
γεγωνέω_γέγωνα_	2
διὸς	2
Πεισίστρατος	2
ἐνθεμενος	2
κάτειμι	2
κῆλον_κήλας_	2
ἱστορια	2
ἔραζε_ῥάζω_ῥαίνω_	2
ἀσπάζομαι	2
πάρημαι	2
στασιάζω	2
ὑψιπετήεις	2
ἠνορέη_ἠνορέα_	2
στέρομαι	2
Κούρητες	2
Πήγασος	2
πείρω_πεῖραρ_	2
ψῦχος_ψυχόω_	2
ὅριος_ὅριον_	2
καυλός	2
ῥητήρ	2
πῖδαξ	2
θεατροειδής	2
χωρις	2
ακούσας	2
ἀγρεύω	2
ἑτός	2
θεοείκελος	2
Αχαιοῖς	2
θαλερός	2
ἀντίβιος	2
ἧδε	2
νέομαι_νέω_νέω3_	2
ἵν’	2
σωματικός	2
κτῦπον	2
ῥιπτάζω	2
ὑπό-εἴδομαι	2
θρέπτρα	2
κατείργω	2
πενθέω	2
γαμετή	2
ἐπισχερώ	2
ἀπλήρωτος	2
ἱερός_ἱερή_ἱερά_	2
Αριστ	2
δακρυχέων	2
ἔρομαι_εἰρέω_ἐρῶ_	2
ὁμώνυμος_ὁμωνύμιος_ὁμωνυμία_	2
νεφεληγερέτα	2
κεφαλην	2
κυανοχαίτης	2
ἔχθιστος	2
κίρκη_Κίρκη_	2
ἰδιως	2
τρίπυλον	2
Ἡράκλειτος	2
πτύξ	2
ἀίσθω	2
ἀντίρροπος	2
ἔπαλξις	2
φορτικός	2
ἀσκαλωνίτης	2
ποινή_ποινάω_	2
διασκευαστής	2
ἄνεω	2
στηκτέον	2
δέω1_δέω2_	2
θερμός_θερμάζω_	2
Κλυταιμνήστρα_Κλυταιμνήστρη_	2
Πύλιος	2
κεῖνος_κενόω_ἐκεῖνος_	2
ἥγουν	2
ἐρυσίπτολις	2
ἀνακεφαλαίωσις	2
κατακοιμάω	2
γίγνομαι_γενέτης_	2
μαιμάω_μαιμάζω_	2
διόρθωσις_διορθόω_	2
επικούρων	2
κατακλυσμός	2
κατακοιρανέω	2
παρειληφῶς	2
έτος	2
καταπνέω	2
Καυκάσιος	2
ἐννοέω	2
πολυάιξ	2
εὐφρονέων	2
ἀγκάζομαι	2
πλέω_πλείων_	2
λογου	2
καταὶ	2
ἀπόδειξις	2
προπαροξυτονητέον	2
προτροπάδην	2
Φειά	2
Γέρηνος	2
ἄνανδρος	2
πέλωρος_πέλωρον_	2
κατάλογος	2
κακον	2
βρίζω	2
ἐκπέμπω	2
κιθαρίζω	2
πᾶσας	2
ἀγυιά	2
λύρα	2
ὁμηγερής	2
δεισιδαίμων	2
Καινεύς	2
φλέγω	2
ὀβελίσκος	2
διαδοχή	2
φυγαδεύω	2
οὒς	2
τριάκοντα	2
δυσωδέω_δυσώδης_	2
καιρός_καιρόω_	2
ἀγωγός_ἀγωγή_	2
ὑλάω_Ὕλη_ὗλις_ὕλη_	2
Κλυταιμνήστρα	2
κόπανος_κόπανον_	2
διο	2
καγχαλάω	2
πιμελής_πιμελή_	2
Νεοτέλης	2
ἀπεικάζω	2
ῥέομαι_ἐρῶ_	2
πταίνω	2
Ἀργον	2
Τυνδάρεως	2
ἀναγκαίη_ἀναγκαῖος_ἀνάγκη_	2
ὡΐγνυντο	2
λόω	2
καταπλήσσω_καταπλάσσω_	2
Ἀθήνη	2
φορέω_ἐφοράω_ἐποράω_	2
μάχη	2
δισσολογία	2
ἐπαύω_παύω_	2
κόρυθος_κόρυς_	2
λαφυραγωγέω	2
εἰδοί_οἶδα_	2
δυνάστης	2
ἀκέων_ἀκέω_	2
ψιλόω_ψιλός_	2
ποιητός	2
ἥλιος_ἠέλιος_	2
Ἄντιφος	2
τρωπάω	2
ὀβελός	2
Ἠλεῖος	2
ἀναπάλλω	2
ἀποδέχομαι	2
ψαύω	2
ερέτας	2
αὐτόχειρ	2
μενεπτόλεμος	2
γύαλον	2
ἰάομαι_εἷς_ἰάζω_ἰά_	2
ὑπερῷον_ὑπερωέω_	2
ἀπελαύνω	2
νεανίης	2
ουτε	2
Μαίανδρος	2
πύματος	2
κύκνος	2
λεκτον	2
ἐνοικέω	2
σημαντικον	2
ὀπώρα	2
Ἀχαιικός	2
ὀνοματα	2
ὀνοματοποιία	2
ἐλεαίρω	2
Λυκόφρων	2
ἐρείπω_ῥίπτω_	2
περονάω_περόνη_	2
Αχαιούς	2
ἀδίκημα	2
Θεανώ	2
μύκης	2
ἀκοστέω_ἀκοστάω_	2
χάσμα	2
θήρ_θηράω_θήρα_	2
κρίνω_κρίνον_	2
Πτολεμαιος	2
κατακλείω	2
πειθανὸν	2
ἔξειμι2_ἔξεστι_	2
τετραχῶς	2
συμπλεκτικός	2
λείων_λεῖος_	2
ἀφεῖς	2
ἐπιθέτης	2
τελέθω	2
φρόντις	2
τελαμόνων	2
χρύσεος_χρυσίον_	2
ἀμοιβηδίς	2
Αὐγέας	2
ἐρεθισμός	2
δέρω	2
κατακλείς	2
ἀφραίνω	2
πτώσσω	2
αγει	2
κεραίω	2
καθὅτι	2
ὀργίλος	2
ἀκριτόμυθος	2
προγενής	2
εἰθ'	2
ἔρεβος_Ἔρεβος_	2
Φυλάκη	2
κρεμάννυμι	2
ὑπερβιβασμός	2
cf	2
Στέντωρ	2
ἀκαχμένος	2
ἄβροτος	2
εἴσειμι	2
προς	2
ἤλακται	2
καλλιπάρηος	2
πόλος	2
ξένιος_Ξένιος_	2
ἀνθέω_ἄνθος_	2
ὁπλή_ὁπλέω_	2
Σουΐδας	2
Γλαύκη	2
σφυρόν_σφῦρα_	2
ἔισος_ἴσος_	2
ἄφοβος	2
πραπίδες	2
ἀνεμόω_ἄνεμος_	2
Εὐρυμέλων	2
σανίς	2
μέλω	2
πεῦσις	2
Ϊνῶ	2
ὑπερεχοντα	2
χρεώ_χρείζω_	2
ἐφίζω	2
ἀστηρ	2
διανοέομαι_διανοέω_	2
ἐπιβουκόλος	2
μετρητός	2
λῦμα	2
γέρανος	2
ἐδώκει	2
στομα	2
εξηραίνετο	2
εδίδου	2
συστολην	2
ἀφυσγετός	2
ἰδίωμα	2
κλονέω	2
μεταφράζω	2
ἄιξ	2
φιλοτιμέομαι	2
σύν-ἐκδείκνυμι_σύν-ἐκδέχομαι_	2
ἀνά-ἀφοράω	2
ἰσοκέφαλος	2
ἀντίσιγμα	2
κοτύλη	2
διηγηματικός	2
τρόμος	2
απιθάνως	2
Ευριπίδης	2
ἐμαυτοῦ	2
ὕλη_Ὕλη_ὑλάω_	2
ἀστεῖος	2
δαιδάλεος	2
Ιδαίων	2
δ‘	2
φρόνησις_φρόνις_	2
πρό-περισπάω_πρό_	2
ἠριγένειον_ἠριγένεια_	2
ἐπειλέω_ἀπειλέω_ἀπειλέω2_	2
ἀλκί	2
ἱππηλάτης	2
ἐπικλίνω	2
πιστόω	2
τροφός	2
Διονύσιος_Διονύσιον_	2
ταχύνω	2
ἄγγος	2
κεκλήγω	2
παρήγγελεν	2
ἑνόω	2
ἀποδιώκω	2
Τηλεφίδης	2
Εὐτερπης	2
καταπήγνυμι	2
ἀπεργάζομαι	2
μάψ	2
ἐπαράομαι	2
ἀφετέρας	2
ἀντί-φράζω	2
διαβόητος	2
ἀείδω_Ἅιδης_	2
ἐγείρω_ἔγρω_	2
προσδοκία	2
παρεικάζω	2
περίφρων	2
μουσικός	2
Πουλυδάμα	2
πορφύρω_πορφύρα_	2
ἱερός_ἱερά_	2
προδίδωμι	2
θίς	2
παραπλησιόν	2
ἐγκλίνω_ἐγκεκλιμένως_	2
διείργω	2
πρόσταγμα	2
προτείνω	2
ἀναφωνέω	2
Χρυσης	2
Ἄρατος	2
καύχημα	2
ἐπίπληξις	2
λυπηρός	2
πολύχρυσος	2
ἀφοράω_ἀφορέω_	2
συμπρεσβεύω	2
λύσις	2
ἀμετάφραστος	2
ἐντελέω_ἐντέλλω_ἐντελής_	2
πολίτης_Πολίτης_	2
ἑξω	2
πενθέω_πένθος_	2
ἑκηβολία	2
λεῖος	2
εὐπορέω	2
ἤρα_ἐρέω_	2
εἰσελαύνω	2
ἐναντιόομαι	2
Σμινθεύς	2
ἄκαμπτος	2
ἀρόω_ἄρον_	2
σκέμμα	2
Αχαιοὺς	2
δίχρονος	2
πύκτης	2
οἰκήτωρ	2
μηνίω_μῆνις_	2
Ἀμοπάων	2
τρίαινα	2
ἀνακαλέω	2
ειπεν	2
ἄττα	2
ἀπαίρω	2
συγκοπη	2
όσον	2
δί	2
ὁμοιοτέλευτος	2
ἑξείης_ἑξῆς_	2
ἀρνέομαι	2
σφαγή	2
ἀσθενέω_ἀσθενόω_	2
συνεκδοχή	2
λιλαίω	2
ἔσχατος_σχάω_	2
ἀνδράποδον	2
ἐκβαίνω	2
κώλυμα	2
ὀκτῶ	2
Λυκαονος	2
῞Ελληνας	2
φορβή	2
ὀλβιοδαίμων	2
προσηυδα	2
δέησις	2
περόνη	2
ἐργάτης	2
ἀσκέω	2
θαρσύνω_θάρσυνος_	2
βούλευμα	2
ἐπαυλέω_ἔπαυλις_	2
φροντιδος	2
ὀφέλλω	2
ἐπιτείνω	2
υς	2
ἐμφερής	2
ἀφλοισμός	2
μαρτυρία	2
πῦσμα	2
συναινέω	2
κρήδεμνον	2
ακαλαρείταο	2
σταφύλη	2
αὐδάω	2
εφη	2
ἀστεμφής	2
ἀμφορεύς	2
κατήφεια	2
Μερόπη	2
κατασείω	2
ἐν-ἔθω	2
σταφυλή	2
γλυκύς_γλύκιος_	2
ἐλεύκανεν	2
άξω	2
πρώτερον	2
στροφεύς	2
Ἀσαῖος	2
τελειόω_τέλειος_	2
ἐπιλείπω	2
λυκα	2
δῆλος_δέελος_	2
See	2
ἄλλεται	2
ασφαλῆ	2
ἱμάς	2
χρῶμα	2
λέγω3	2
ἄνω2_ἀνώτερος_	2
ἀποκτάομαι	2
φύλλον_φυλλόω_	2
ἐκλείπω	2
φήρ	2
ἀποτίθημι	2
ξενοδόκος_ξεινοδόκος_	2
μέλπω	2
ἀκηδέω	2
εἰ_αἴ_	2
ἐπιρρηματικός	2
λέπαδνον	2
περιουσία	2
παρατηρέω	2
δάμαλις	2
καταγιγνώσκω	2
σῶς_σώω_	2
ἐνέχω	2
ἀργυρόηλος	2
Ἀχελῷος_Ἀχελώιος_	2
χρῄζω	2
ἕτρωσεν	2
αἰψα	2
δαίω2_δαίω1_	2
αὔω2_αὔω1_αὖος_	2
ἀυτὸ	2
αὕται	2
Σκαιαί_Σκαίη_σκαιός_Σκαιός_	2
θυόεις	2
Βορέας	2
εστη	2
δάιος_δαίω1_δᾳόω_δάω_	2
συνηθειαν	2
καταλάμπω	2
μάχομαι_σέω_συμμαχέω_	2
πηρός_πάρειμι1_	2
σύνθετος_συντίθημι_συνθέτης_	2
ἵημι_ἥκω_	2
ἐξερύω	2
αμῦναι	2
θάλλω_θῆλυς_	2
πλουτέω	2
ἄπειμι1	2
ἔξειμι2_ἔσσομαι_ξέω_	2
σέω_σῶς_σής_σός_	2
ὁρμέω_ὁρμάζω_ὁρμάω_	2
περσέα_Περσεύς_Πέρσης_	2
πραύνω	2
σώω	2
σάρξ	2
πατρῷος	2
εόντα	2
φύω_φύζω_	2
γραφικός	2
καθὃ	2
Ποσειδών	2
ἔκθεσμος	2
Ρόδον	2
εἰρωνεύομαι	2
ἐγχειρίζω	2
Αγαμεμνονος	2
τρεισκαιδέκατος	2
θέρος	2
τουναντίον	2
πρίαμαι	2
συλλαβης	2
ἐγώ_ἁμός1_ἄμμος_	2
χήν	2
τελευτή	2
Θεσπρωτίς	2
μεταμάζιος_μεταμάζιον_	2
ἐργασία	2
Ϊκαρίοιο	2
κάλαμος	2
ξύω	2
τριβή	2
Ιλίου	2
ἐξιόω_ἀξιόω_	2
διαφαίνω	2
Πάφος	2
συνέμπτωσις	2
ἴκτις	2
πέτομαι_πτάζω_	2
Δαρδανίδης	2
ώρμησεν	2
Κάρησσος	2
Αλεξίων	2
Τρῳάς	2
ἁμαρτέω_ἁμαρτῆ_	2
κιβωτός	2
δέρος	2
Τρωας	2
ἀρεστός	2
πρόνοια	2
χωρίον	2
Ξοῦθος	2
νοέω_νόησις_	2
ὀνειροκριτην	2
Τροίζην	2
ἄψυχος	2
ἑάφθη	2
εῖξαι	2
λιγύς	2
μικρον	2
φυτεύω	2
ἀχνυμενοι	2
ἐρέπτομαι	2
Ἡλείους	2
Ἄρις_ἀείρω_αἴρω_Ἄρευς_Ἄρης_	2
διάταξις	2
τρόφις	2
τρίχωσις	2
παλινάγρετος	2
θέμεθλα	2
κοσμικός	2
ὸς	2
διλογέω	2
ἑός_ἵημι_	2
πολύμηλος	2
παρά-φθείρω	2
ἄφοδος	2
βροντάζω_βροντάω_βροντή_	2
ἴδιος_ἰδέω_ἰδίω_	2
Κυνοσούρα	2
φρόνημα	2
Ῥύτιος	2
ϊδών	2
πεύκη	2
σκέπω	2
ενθα	2
στυγνός	2
οτ	2
ἱεροφοῖτις	2
περιχέω	2
αντωνυμία	2
ζάθεος	2
κλίμαξ	2
οὖρος2_οὖρον1_οὐρός_οὖροσὖρος4_οὖρον2_οὐρόσς_οὖρος1_	2
ϊῇ	2
ἵμερος	2
γόνιμος	2
πραγματεύομαι	2
κενόω_κεῖνος_ἐκεῖνος_	2
πλάγιος	2
ρ᾽	2
ΐενται	2
Λυκόφρον	2
ὅπιθεν	2
Ἀρισταρχῳ	2
ἠεροφοῖτις	2
σκολιός	2
ἱδρύω	2
ὑπήκοον_ὑπήκοος_ὑπήκους_	2
ήρα	2
ζώννυμι	2
καθαρός_καθαίρω_	2
ἀθανάτησι	2
μέμονα	2
Ἀρίσταρχ	2
κλέπτω	2
πεῖνα_πεινάω_	2
ἐρῳδιός	2
ὀνειδιστικός	2
Ἰλιου	2
σώζω_εἰσωθέω_	2
ὑποκρύπτω	2
παραλέγω	2
Αἰγυπτιόω_Αἰγύπτιος_	2
θοός_θοόω_	2
περισσον	2
διελέγχω	2
πειράω_πεῖρα_πειρά_πειράζω_	2
δεκτικός	2
ἀποδοκιμάζω	2
ἄκημα	2
ἀτιμάζω	2
Ἄρισταρχος	2
Θυμβραῖος	2
ἀνά_ἀνά-κλάω_	2
ποδαρκής	2
μεμνηται	2
φίλιππος	2
πολεως	2
πάτος	2
ἐπιτειχίζω	2
βραχυ	2
έκαστον	2
δήμιος	2
ὑπερῷος_ὑπερῷον_	2
οἶκτος	2
ἀτέμβω	2
γηράσκω_γηράω_	2
σταθμός_σταθμόν_	2
ἀνδρών	2
αγῶνι	2
λωβητήρ	2
Πήγασος_πηγάζω_	2
κολλάω	2
πεποιθῶς	2
εδει	2
διαλλάσσω	2
ἀφεστήξω_ἄπιστος_	2
χερείων_χερειότερος_	2
ευθέως	2
προστάσσω	2
διορθωτικός	2
ὑπεράλλομαι	2
σιωπή	2
ἄχαρις	2
κόλον_κόλος_	2
πόκος	2
πλειαί	2
βλαπτικός	2
Θέστιος	2
καταστέλλω	2
βουφονέω	2
δέμω_Δεῖμος_	2
Ἐχῖναι	2
Ξέρξης	2
διαπέταμαι	2
παλάμη	2
διασταλτικη	2
ἀνθρωπων	2
οἱον	2
ἀσύναρθρος	2
οὐρέω	2
ναυσταθμοῦ	2
μνᾶ	2
ἐράομαι_ἐράω2_ἐράω1_ἐρέω_	2
ἔται_ἔτης_	2
πόρταξ	2
εὔκαιρος	2
οἰμάω	2
μένω_μένος_	2
πίστις	2
κατανέω_κατανεύω_	2
Ἀλκμάων	2
φαλαγγηδόν	2
σύνοδος1_σύνοδος2_	2
Στωικός	2
ὑπαντιάζω_ὑπαντιάω_	2
Ἰλιεύς	2
παραγγέλλω	2
ἐπαίρω_ἐπαραρίσκω_	2
ἕχει	2
φῦζα_φύζα_	2
Μενεκράτης	2
εἰσπράσσω	2
πρωῒζ	2
κεύθω	2
διδακτικός	2
γεφύρη	2
Ὑρτακίδης	2
ζωγρέω	2
σκηνάω_σκηνέω_σκηνή_	2
ἡβάω_Ἥβη_ἥβη_ἅπτω_	2
ὀλίζον	2
ἄρδω	2
θεωρός_θεωρέω_	2
Πυθία_Πύθιος_	2
μυέω_μυάω_	2
Διογένης	2
αρσενικῶς	2
πηλός	2
γνῶσις_γιγνώσκω_	2
ἀλέομαι	2
τέλεσις_τελέω_	2
εὔνους	2
ἠπειρωτικός	2
Ἥλιδι	2
άρκιον	2
αμύμονι	2
Βελλεροφοντην	2
Ἀριαδνῃ	2
o	2
προσωδίαν	2
ὀιστός_οἰστός_οἶδα_	2
ἀόρατος	2
μέροψ_Μέροψ_	2
μολπή_μολπάζω_	2
φῆμις_φήμη_	2
κρήνη	2
Ἀμύντωρ	2
ἀπονοστέω	2
Πήλιον	2
μέλας_μελαίνω_μέλαινα_	2
πολλαχῶς	2
πόρις	2
ἀλληγορικός	2
ἑφ	2
νέηλυς	2
ἄπιστος	2
Καλήσιος	2
ἀλλ‘	2
χρηται	2
κατάγνυμι_κατεάσσω_	2
δεινάζω_δεινόω_δεινός_	2
φλιά	2
᾿Αλέξανδρος	2
βυθός_βυθάω_	2
λειμῶν	2
ἐάω_εἰάζω_	2
ἀπομάσσω	2
ὁμολογουμένως_ὁμολογέω_	2
μίμνω	2
ἑσταώτων	2
ἡέλιος	2
ἐμβαδόν1	2
Καρικός	2
ἄλλοθεν	2
βλάσφημος	2
χαλκόω_χαλκοῦς_χάλκεος_	2
κατά-καθεύδω	2
εἰδικός	2
ὑβριστικός	2
στάζω_ἵστημι_στάσις_	2
μελανίζω	2
τομίας	2
ὁρμή_ὁρμάζω_ὁρμέω_ὁρμάω_	2
φθινύθω	2
Κύπρις	2
Πατροκλος	2
πανήγυρις	2
διαλύω_διαλελυμένως_	2
ἐπιπληκτικός	2
κακεῖσε	2
ἀστεροπητής	2
σύστασις	2
θεασαμενοι	2
ἐκπλήσσω_ἐκπλάσσω_	2
έτεροις	2
θύνω	2
ἐγγείνωνται	2
λεία_λεῖος_	2
λεγονται	2
χράω2_χράομαι_χραύω_	2
Ἰθάκη	2
ὀνειδισμός	2
οἵκαδὲ	2
Κοπρεύς	2
περιττον	2
ἀκροτήριον	2
ἀναπηδάω	2
ἐντολή_ἐντολεύς_	2
ἕνι	2
ἐπιχθόνιος	2
δίεμαι_δῖος_δίω_	2
κηρίς_κήρ_	2
επάγει	2
ΙΓ	2
Αγαμέμνονα	3
διατινάσσω	3
μεδέων	3
ἐμποιέω	3
ἁπ	3
γλουτός	3
περίστασις	3
τηλόθεν	3
προσημαίνω	3
Εἰλείθυια	3
ἐρεθίζω	3
ὁ_ἧ_	3
παραποτάμιος	3
γόνος	3
ἕδρα	3
καταλείβω	3
ἐμπειρία	3
αὐτοσχέδιος	3
Θυεστην	3
πρόσοδος	3
εἰσ-σεύω	3
ἐπόμνυμι	3
ὁρμάζω_ὁρμάω_	3
κερδίων_κερδαίνω_	3
ἄσις_ἄσιος_Ἄσιος_	3
Ερμοῦ	3
πατέομαι_πάομαι_πάσσω_ἐφήδομαι_	3
γυμνικός	3
έλαβεν	3
δύσφημος	3
ἄρουρα	3
σκηνή	3
ἑπι	3
πολυστάφυλος	3
φαρέτρα	3
ἀλγηδών	3
Θρᾷξ_Θράκη_	3
εἶδος_εἴδομαι_	3
ἄχος	3
μετέρχομαι	3
σκευάζω	3
Ἀρίσταρχος	3
μηδέποτε	3
ὑψόω	3
φθόνος	3
ἐτυμολογία	3
καρπέω_καρπόω_καρπός2_καρπός1_	3
Ἄρνη	3
ἀργύρεος	3
κατά-ἐθίζω	3
αὔω2	3
βάρος	3
ὅρμημα	3
θέραψ_θεράπων_	3
διίημι_δίω_δέομαι_	3
σάλπιγξ	3
κόρη_ἐπικουρέω_κουρά_	3
ἀρκέω_αἴρω_	3
ἀνάπαλιν	3
ἄνειμι	3
ἄτλητος	3
ἀκούω_ἀέκων_	3
εαυτῶν	3
προβαίνω_πρόβατον_	3
χράω1_χράω2_χράομαι_χραύω_	3
θράσος	3
εθνος	3
αντ	3
Εὐρυνόμη	3
ὅτι2	3
σπάρτον_σπάρτη_σπαρτός_	3
ἄγαλμα	3
Δώριος_δωρέω_	3
νεαρός	3
στ	3
ὅμοιος	3
Ἡφαιστότευκτος_ἡφαιστότευκτος_	3
χορδή	3
πῶ_πω_	3
νῶτον	3
τελέω_τέλλω_	3
ὑμέναιος	3
ἱκνέομαι_ἵκω_	3
Λάκων	3
πάλα_πάλη_παλέω_	3
διαπέρθω	3
Ἀμφιδάμας	3
μηχανάομαι	3
μερισμός	3
Κισσεύς	3
Κέρβερος	3
μεθέπω	3
δοκόω_δοκέω_	3
οργήν	3
δαλός	3
ώρας	3
ἀναδέχομαι_ἀναδείκνυμι_	3
Ἀρχεπτόλεμος	3
τίσις_τις_τίς_	3
οἶσις_εἰμί_	3
τέρπω_τρέπω_	3
διαβολή	3
βαρείαν	3
ια	3
ῥαφή	3
καρτερικός	3
φανερόω_φανερός_	3
χέω_χάω_ἔχις_	3
αμφότερα	3
κυκλόσε	3
Α	3
λώβη	3
διαμπερές_διαμπερής_	3
καταπονέω	3
τένων	3
Θεσσαλός	3
ἀνανεύω	3
ἀσύφηλος	3
ὀλέκω	3
Λυδός	3
έχουσα	3
χάλαζα	3
Άιδου	3
Αλκμᾶνι	3
τευχε'	3
ὁρμάζω_ὁρμάω_ὁρμή_	3
ζῶς	3
ὁ_σύ_τοι_	3
αὐγή	3
πίων	3
ῥεῖθρον	3
νέος_νεώτατος_	3
Ἐρινύς	3
δέκατος	3
αὐτου	3
ἀποφάσκω	3
ακούειν	3
ἁλίσκομαι	3
ἄριστον_ἄριστος_	3
άξιον	3
κεχρηται	3
κίω	3
προλείπω	3
ὄλον	3
ὑπέρτερος_ὑπέρ_	3
ἀκροστόλιον	3
πρεσβευτής	3
σιωπή_σιωπάω_	3
ἀπώλεια	3
χάρις_χάριτος_	3
αὐλή	3
ἐφάπτω	3
ἀθρέω	3
χαλκον	3
Λικύμνιος_Λικύμνιον_	3
ἁπο	3
οἰάω_οἴη_οἶος_	3
συνδέω	3
τοτέ	3
Λάμπος_λάμπω_	3
πράγμα	3
ἀπομηνίω	3
ἀπορούω	3
Ἑλενης	3
διορθωτέος	3
οἱκειότερον	3
ἰαύω	3
λυρικός	3
παραθαλάσσιος	3
σωματόω_σῶμα_	3
λελίημαι	3
Ξάνθος_ξανθόω_	3
λοιπάζω_λοιπός_	3
έβη	3
δοκεύς_δοκή_δοκάζω_	3
πότνια	3
ἀπαλθαίνομαι	3
ἄειρος_ἀείρω_	3
ἐθελει	3
ἐντείνω	3
Κότυς	3
ἀπόπειρα	3
ῶς	3
ἄνοια	3
Ἀθῆναι	3
τίμιος	3
ὀξέως_ὀξύς2_	3
ἐπιλίγδην	3
ἔρχομαι_ἐντίθημι_	3
ἀνάποινος	3
Βοιωτιας	3
ουτω	3
ἵσως	3
σκεῦος	3
τριγενής	3
όρκων	3
βιόω_βία_	3
Ἀλκμανικός	3
ἔγκλισις	3
συλλέγω	3
εἶμι_ἤιος_ἀίω1_	3
ἔλεος	3
πλήξ_πληγή_	3
Όμηρον	3
καθῶς	3
ὁρμάω_ὁρμάζω_	3
Ἀλκμάν	3
ἐχων	3
δικαστήριον	3
ἐκφωνέω	3
ἰσχυρός_ἰσχυρόω_	3
μήνιδι	3
Ἑρμεῖ	3
τέκτων	3
ἐναντίον_ἐναντίος_	3
βασίλη_βασιλεύς_	3
σεμνός	3
λοχάω	3
κλαγγηδόν	3
λίνεος	3
Τριτογένεια	3
τρυφερός	3
πρωτοπαγής	3
ἥλιος_ἅλιος2_ἅλιος1_	3
ἄντα_ἄντη_ἀντάω_	3
βοόω_βοάω_	3
εἰκοσί	3
δισταγμός	3
ἑτείρων	3
δοτικῆ	3
μῖξις	3
ἄρρηκτος	3
γλαυκός	3
ἀγαπητός	3
Λοκρίς_Λοκρός_	3
ἐμβαίνω	3
εέρσῃ	3
αὐλῶπις	3
περιστρέφω	3
θύω1_θύω2_	3
μυριάς	3
ὑπερσυντέλικος	3
συναιρέω	3
λευκόν_λευκός_	3
ὅρκιον_ὅρκιος_	3
ἐπίγραμμα	3
πολλαχοῦ	3
πλάνη_πλανάω_	3
πῶυ	3
κινυρός	3
προσ	3
δήω	3
ἀφροσύνη	3
ἀκίνητος	3
βώτωρ	3
ἄρνυμαι	3
δυσμή	3
ἀντίθεσις	3
ὀλίγος_ὀλιγόω_	3
ουχὶ	3
Μενοιτιάδης	3
ἐπιχέω	3
θανατος	3
περίοικος	3
ζάω_ζώννυμι_	3
Ατρέως	3
συντομία	3
αὐτόματος	3
δρυτόμος	3
ποίημα	3
Γλωσσογράφοι	3
Ἴλιος_Ἴλιον_Ἴλι_Ἴλιοσλιος_	3
πέσσω_φαίνω_	3
ἑλώριον	3
βόρειος	3
ὁμός	3
ἄχρι	3
σκεπάζω	3
lemma	3
Σιδών	3
τὸυς	3
ἴδιος_ἶδος_	3
τεκτονικός	3
Ἕλλην_Ἕλλη_	3
Ήλειοι	3
γλήνη_γλῆνος_	3
ἐξέλκω	3
σι	3
μαστίζω	3
ὀθόνη	3
ἐπιμήκης	3
ἀστερόεις	3
ῥοπή	3
θερμός_θερμόω_	3
μείλιον_μείλια_	3
λυμαίνομαι	3
Παρνασσός	3
ἄροτρον	3
ἀποχέω_ἀπέχω_	3
ἕρμα2_ἕρμα1_	3
σκυμναγωγέω	3
διατελέω	3
δύσελπις	3
ἐπιμερισμός	3
φίλτατος	3
συνήδομαι	3
ῥαδαλός	3
οὗτως	3
ἀσθενής_ἀσθενέω_	3
φυλακή_φυλακεύς_	3
ήματι	3
μητιάω	3
δοκιμάζω	3
αὖος	3
ἐχρὴν	3
ουτ	3
κρήγυος	3
εὕδω	3
ἔξοδος1_ἔξοδος2_	3
ἑδανός	3
ἀναρπάζω	3
ὡ	3
αναστρέφεται	3
βουκόλος	3
ὁδός2_ὁδός1_	3
πορφύρεος	3
ἐφομαρτέω	3
βουπλήξ	3
ἐ	3
ἀγάω_ἄγη_ἄγος_	3
δίφρας	3
λευκόνοτος	3
κεῖσε_ἐκεῖσε_	3
παραμυθέομαι	3
ἀδάμαστος	3
διανέμω	3
οἶνος_οἰνόω_οἶνον_	3
παραφέρω	3
οργὴν	3
Αφροδίτης	3
σός_σῶς_	3
ἶφι	3
αἴσιος	3
βρόμος	3
ἄδικος	3
δατέομαι	3
ἦτορ	3
πέλω_πελάω_	3
οὐτιδανός	3
Αχιλλέα	3
χερμάδιος_χερμάδιον_	3
ετέραν	3
᾿Αρισταρχος	3
ἀριστάω	3
διασπάω	3
σωρεύω	3
γεγωνέω	3
μεταμορφόω	3
Αθηναῖος	3
προληπτικός	3
ἐφίζω_πείθω_	3
Ἅλιος_ἥλιος_ἅλιος2_ἅλιος1_Ἅλις_	3
πρόπας	3
ΐδεν	3
ἔδω	3
ἡσυχάζω	3
γραφῆς	3
χάζω	3
τεσσαράκοντα	3
ἐφίστημι_ἐπίσταμαι_ἐπιστάζω_	3
βαίνω_βάτης_	3
χωραν	3
περικαλλής	3
λάων	3
στολή	3
χορεύω	3
καίω_κάος_	3
ἐπί-ἐνήνοθε	3
ναίω1_ναίω2_νήιος_	3
ἄκτωρ_Ἄκτωρ_	3
κορυθαίολος	3
ἀλλοῖος	3
Καλυδώνιος	3
Φθία_Φθῖος_φθῖος_φθία_φθίω_	3
εἰρηνικός	3
τοῖχος	3
τραγῳδέω	3
ἑορτή	3
Κρονίων	3
Κρῖνις_Κρίνις_	3
φυή	3
ἐπεγείρω	3
ἀφίημι_ἄπειμι2_	3
μειδάω	3
πύλος_Πύλος_πυλόω_Πύλης_	3
πλατάνιστος	3
ομίλου	3
Κάλχας_κάλχη_	3
δοκέω_δοκόω_δοκώ_	3
Ηρῳδιανός	3
ἔπος_πίπτω_ἐφέζομαι_ἐφίημι_ἐπιέννυμι_	3
ῥόα_ῥοή_	3
ἐγχωρέω_ἐγχώριος_	3
στοά	3
μάσταξ	3
Μακεδών	3
δαίδαλος_δαιδάλλω_	3
ἕοικε	3
χόρτος	3
αἰδώς	3
δάμνημι	3
φύλαξ_φυλακός_	3
μιμητικός	3
αὐδή	3
ἀρσενικόν_ἀρσενικός_	3
όρκια	3
Ζηνοδοτου	3
μετρέω	3
ἀεικής	3
ἀποθεόω	3
δέω2_δέομαι_δέω1_	3
ἔθηκε	3
συναπτικός	3
Πλευρώνιος	3
σπείρω	3
Διομηδης	3
ἐπιμέλεια	3
φρῖξος_Φρίξος_	3
ἀγοράομαι	3
εὐφραδής	3
Ηφαίστου	3
ἰωκή	3
ἔλεγχος1	3
λαλέω	3
Εὔμολπος	3
φυγάς	3
ϊακῶς	3
δεσπότης	3
Αἰτώλιος_Αἰτωλίη_Αἰτωλία_	3
αρχῆς	3
παρορμέω_παρορμάω_	3
λιμνει_λίμνη_	3
αίρει	3
μαντεῖον_μαντεῖος_	3
λάω1_λάω2_	3
κομματικός	3
Γυγαίη	3
κρόμυον	3
ἀργία	3
Διομηδη	3
Πριαμου	3
έμεναι	3
ἐλεεινός	3
πυρή_πυρά_	3
ετι	3
ἀκέω_ἀέκων_ἀκούω_	3
πρόσω	3
ἄσταχυς	3
πείθω_πάσχω_	3
δεὶ	3
μελετάω	3
στερητικός	3
δεσμεύω	3
μνηστός	3
Ἀθηναῖος_Ἀθήνη_	3
᾿Αφροδίτης	3
στερίσκω	3
θρῴσκω	3
μετακιάθω	3
εθεν	3
ἐλέφας	3
ἀποκοπη	3
Ἀνδρομάχη	3
προσάπτω	3
κόνιος_κονίω_κονία_	3
μελία	3
ἰξίον_Ἴξιος_Ἰξίων_	3
ἀλλαχῆ	3
ὑψοῦ_ὑψόω_	3
ἐδριάασθαι	3
ἀπότασις	3
κέω	3
ῥόδον	3
ὁμοφωνέω	3
φρίσσω_φρίζω_	3
ξένη_ξένος2_	3
ὄκνος	3
ἀγαπάω_ἀγαπάζω_	3
Ἀρχίλοχος	3
νος	3
ῥόπαλον	3
χιτῶν	3
στυγερός	3
μακρα	3
θοάζω_θοός_	3
ἔρα	3
ἀτάλαντος	3
δολομήτης	3
οἰ	3
γενεαλογέω	3
παρέκβασις	3
ὑπέρ-κυδαίνω	3
δοκεύω	3
πινυτός_πινυτή_	3
τέφρα	3
φοῖνιξ	3
βασιλικός	3
δίψα	3
Πυθαγόρας	3
δωρέομαι_δωρέω_	3
ἄμουσος	3
ἅλς_ἁλίς_	3
ενταῦθα	3
ἄγνυμι_ἄξος_ἄγω_	3
καρδία	3
ὄρον	3
κλαγγή_κλαγγάζω_κλαγγέω_	3
πρόμος	3
μελανέω_μελάνω_	3
μακρόθεν	3
Σῶκος_σῶκος_	3
ἐπίπαν	3
λέγω2_λέγω1_ἔλεγος_λέγω3_	3
Ἀμφιτρύων	3
καταφρόνησις	3
δικάζω	3
κεραός	3
περιέχω_περιχέω_	3
εὐεργεσία	3
Ελένης	3
μήν_μής_	3
ἐπίσσωτρον_ἐπίσωτρον_	3
λαπάρα	3
ταρ	3
σκότος_σκότιος_	3
περιφέρεια	3
ἐπημοιβός	3
αλλήλους	3
σῖτος	3
ὀργή	3
κερδίων	3
Ῥαδάμανθυς	3
κανών_καίνω_	3
Πηνελόπη	3
κριτής	3
κρεμάννυμι_κρεμόω_	3
ἐκτεταμένως_ἐκτείνω_	3
πυκνός_πυκνόω_	3
ἥϊε	3
ἀπαγορεύω	3
ὑποδεξίη_ὑποδέξιος_	3
συγγενής_συγγενεύς_	3
σπουδή	3
δένδρεον	3
χοινικίς	3
θηρατήρ	3
ἀπολογία	3
ἀντέχω	3
οὐδαμοῦ_οὐδαμός_	3
επίτασιν	3
ἀγάω_ἄγω_	3
μετασχηματίζω	3
εσται	3
αἰχμάζω_αἰχμή_	3
ἡμεν	3
Ῥοδίος	3
ἐπαισθάνομαι	3
ἔνιοι_ἔνειμι_	3
καλός_καλέω_	3
Ἀθηναῖος_Ἀθήναια_Ἀθήναιος_Ἀθήναιον_	3
ὄ	3
μέτειμι1	3
ἡγεμονεύω	3
ἄρσος_ἄρσης_ἄρσην_	3
ἄρτος	3
δύσις_δύω2_	3
ἐμφανίζω	3
Δαρδάνιος_Δαρδανίων_	3
ἀθέσφατος	3
προβλώσκω	3
ποντόω_πόντος_ποντίζω_	3
κυριόω_κύριος_	3
πυρκαιά_πυρκαιός_	3
προσφώνησις	3
νεύω	3
ἰσόω_ἴσος_	3
στείχω	3
τίνω_τίζω_	3
πόδαργος_Πόδαργος_	3
άπτεται	3
ἱστοριας	3
Ὀϊλιάδης	3
οἴκοθεν	3
κακα	3
ἡθέτει	3
μόλις	3
λύγος	3
εἴλω_ἀλάομαι_ἀλέω_	3
μυρίκη	3
ἁπλόω_ἁπλός_ἁπλόος_	3
διαφεύγω	3
Ἀριστάρχος	3
ἀποκομίζω	3
δούρειος	3
κυνάω_κύων_	3
λαμπηδών	3
κλίνω_κλίνη_	3
ὑπηρετέω	3
σωφρονίζω	3
τάρφος	3
Δευκαλίων	3
πυθμήν	3
εἴσοδος	3
ὑπερκύδας	3
ἀναίνομαι	3
Ἀτρεΐων	3
ἴχνος	3
Φρόντις	3
ἀναγωγή	3
στρεπτός	3
καταρρίπτω	3
ἡνία2	3
οἴομαι_οἴμη_	3
επανάληψιν	3
ἕδνον	3
ἐνηής	3
δεξιά_δεξιός_	3
ἦμος	3
οίδαμεν	3
ἑός_ὅς_	3
νόσος	3
Αίαντος	3
ῥᾴδιος_ῥῄδιος_	3
ἀφύσσω	3
πείθω_ἔπειμι2_ἔπειτα_	3
„	3
κατεργάζομαι	3
ἐν_ἐν_ἐν_ἐν-ἀντιόομαι_ἐν-ἐναντιόομαι_ἐν_	3
θαι	3
ἐπιδίδωμι	3
στάχυς	3
ξ	3
Ἀτρειδη	3
Λήϊτος	3
χάλκεος_χαλκοῦς_χαλκόω_	3
Ομηρικὸν	3
κατάγω	3
βραχυκατάληκτος	3
ρημάτων	3
Ἀφείδας	3
τυρός	3
Εκτωρ	3
ἀνακόλουθος	3
χολόομαι_χολόω_	3
ῆνιν	3
πάρειμι1_πάρειμι2_	3
ὀχή	3
αὔξησις	3
ἐρείπω	3
κνάω	3
Ἴλιοσλιος_Ἴλιον_Ἴλιος_Ἴλι_	3
ἀλήθεια	3
Μοῦσαι	3
πολύχαλκος	3
ἐκ-θρῴσκω	3
θεῖος2_θειόω_θεῖος1_	3
ὕστερος	3
οπίσσω	3
βαρβαρικός	3
ἐπιφανής	3
ναι	3
συναπτεόν	3
ἀθετητέον	3
ἄνω2_ἀνώτατος_	3
ἐλεήμων	3
ἔκγονος	3
ἐπάλληλος	3
Τρωων	3
ὄχανον	3
ἐρέω	3
έζετο	3
ἄξων_ἄξος_ἄγνυμι_ἄγω_	3
εἰσθέω_ἐσθίω_	3
εὔκολος	3
ὑπερβολικός	3
ἰσχίον	3
μουσική_μουσικός_	3
ἀνά-ὀμάζω	3
μέλι	3
ποσότης	3
ἔσω	3
λειμών	3
καταχθόνιος	3
βροτόεις	3
ταῦρος_Ταῦρος_	3
ἁμαρτέω_ἁμαρτάνω_	3
τεράστιος	3
φεῦ	3
γνοῦς	3
δεινάζω_δεινός_	3
ἰδέω_Ἴδη_	3
δεῖσα_δείδω_	3
πίτυς	3
ἀμφίβροτος	3
Ὀδίος	3
λέαινα	3
δραστικός	3
ἐπιλαμβάνω	3
γυμνάζω	3
γαμον	3
παραδιαζευκτικός	3
αἰγιαλός	3
ἀραρίσκω_ἄρδω_	3
ὑστάτιος	3
ἔπαυλις	3
ἀνατρέφω	3
διφυής	3
ἀδελφή_ἀδελφός_	3
ὀδύρομαι	3
ἀφίημι_ἄπιος2_	3
παραπείθω	3
κότος	3
μυῖα	3
ὀχεύς	3
ἤ1	3
ἀηδής	3
κατάκειμαι	3
κήλεος	3
ἀπολήγω	3
κοινωνία	3
σβέννυμι	3
θεῖος2_θεῖος1_θεάω_θεάομαι_	3
φρίζω_Φρίξος_	3
Ἀριστόνικος_ἀριστόνικος_	3
Περκώτης	3
συνδέομαι_συνδέω_	3
προσήκω	3
περιστίζω	3
κωφός	3
ἀφανίζω	3
μόγις	3
Ηρωδιανος	3
στέλλω	3
Θάμυρις	3
λύκος_λυκόω_	3
μίμησις	3
κατηγορία	3
ἀρέομαι_ἀράομαι_ἐρέομαι_ἐρέω_ἐράομαι_	3
ἔθω_τίθημι_	3
ϊόντες	3
Πήδασος	3
΄Ϊλου	3
πάναιθος	3
περιποιέω	3
ἤγουν_ἀγάω_	3
ξυνός	3
Μέντης	3
θεν	3
οδ'	3
Εὔμηλος	3
Κρήτη_κρήτη_	3
θανάσιμος	3
φυλακτέος	3
θρόνον_θρόνος_	3
λανθάνω_ἐλαύνω_	3
ἐκδεκτέον	3
ἀρκτικός	3
ποθή	3
ΐκανε	3
κίλλος	3
κακόφωνος	3
ἐκκλίνω	3
Σαπφώ	3
πέλεκυς	3
ὕπνος	3
διπλάζω_διπλῇ_διπλός_διπλόος_	3
Λαοδίκη	3
Ἱπποδάμεια	3
αἰκία	3
Ηρακλέωνα	3
έργα	3
ἧν	3
διαβεβαιωτικός	3
κήρυξ	3
κισσάω_Κισσῆς_	3
ἅρπη	3
κλοιός	3
μαρμαίρω	3
ἐκχέω	3
βάλλω_βάλλις_	3
Ταλθύβιος	3
μεταποιέω	3
τεύχω_τυγχάνω_	3
χραίσμη_χραισμέω_	3
παραδέχομαι	3
γνωρίζω	3
έμελλε	3
βασίλεια_βασίλειον_	3
Ὁμηρου	3
όθι	3
κλάδος	3
φρίκη_φρῖκος_	3
Ἑλλανικος	3
παλύνω	3
θεος	3
προοίμιον	3
ἀπεῖπον	3
ἀπεχθαίρω	3
ἄφαρ	3
δίπλαξ	3
αὐτῳ	3
τριακόσιοι	3
ὑπόρρηνος	3
χάριτος_Χάρις_χαριτόω_χάρις_	3
Φρύγιος_φρύγιος_φρυγία_Φρυγία_	3
δηλέομαι	3
τάσσω_ἐτάζω_	3
ἡβάω	3
Τροιην	3
κέλης	3
ἀγκύλος_ἀγκύλη_	3
ἀποψύχω	3
ἐξέχω	3
ἐπεκτείνω	3
κατάστημα	3
περίφραγμα	3
νόμιμος	3
ταχύς_τάχος_	3
μύρμηξ	3
εὐτραφής	3
ἀνδρεία_ἀνδρεῖος_	3
Λευκοθέα	3
ἐρωτικός	3
ἐπίηρα	3
ευ	3
ἀλίαστος	3
ὑβάλλειν	3
φράζω_φρέω_	3
ἄφθιτος	3
ναύμαχος	3
φονεύς	3
θυσία_θυσιάζω_	3
λύκιον_Λύκιος_	3
ἐπιπείθομαι	3
σκοτία_σκότιος_	3
Ἀσκαλωνιτης	3
κῆτος	3
τιν	3
ὑποκρίνομαι	3
πιστέον	3
ἡδὲ	3
ἀνά-φωνέω	3
τέθηπα	3
νυμφίος2_νυμφίος1_	3
ἱερουργέω	3
δέω2_δεῖ_δέον_δέω1_	3
μεταβιβάζω	3
ἐρῶ_ῥέομαι_	3
οἶδα_εἰδοί_	3
ξένος2_ξένος1_	3
οικίας	3
κουφίζω	3
ἱστοδόκη	3
ἀκμάζω	3
χαλκήρης	3
παραβαίνω	3
πτοέω	3
οίκοις	3
ἄρμα	3
γλαυκῶπις	3
στεφανόω	3
ἄφεσις	3
μετριόω_μέτριος_	3
Δανάη	3
κτέομαι_κτάομαι_	3
Ήλιδος	3
όμως	3
θέω_ἔθω_ἔθος_	3
σέλινον	3
θεμέλιος_θεμελιόω_	3
πότος_πότης_πότις_πότε_ποτέ_	3
κόμη_κομέω_κομάω_	3
ὑπερφίαλος	3
θέμις_Θέμις_	3
ἐκτελέω	3
κατατρύχω	3
τοῦπίσω	3
εγώ	3
οὐτίς	3
βρότος	3
μαρτυρέω	3
ἀρθρόω_ἄρθρον_	3
πατάσσω	3
ἄκμων	3
ψεῦδος_ψεῦδις_	3
ἐγχείη_ἐγχύνω_	3
ἀφρός	3
χιονίζω	3
έδωκεν	3
θρῆνυς	3
ῥώννυμι	3
ἀπαθής	3
ἑκεῖνο	3
Νεῖλος	3
ταὐτός_ταὐτάζω_	3
εὐθύς1_εὐθύς2_	3
οὐλόμενος	3
στέρησις	3
πάντοτε	3
δαιτρεύω	3
διαιρέω_διῃρημένως_	3
ἧμα	3
ἀλέξω	3
Χρυσην	3
πέτομαι	3
ἀνεμοτρεφής	3
στείνω_στεῖνος_	3
κατασύρω	3
ἀμοιβή	3
ἄφαλος	3
ἀοιδός1	3
δυώδεκα	3
κληρόω	3
διακονέω	3
ἵστημι_εἰμί_	3
σελήνη	3
εὐνάω_εὐνάζω_εὐνή_	3
στέρνον	3
ἀνταποδοτικός	3
παρά-ἑλκέω	3
σύγχυσις	3
στένω	3
νευρώδης	3
τιμωρέω	3
ὑπόδρα_ὑποδράω_ὑποδρώω_	3
γάλα	3
ῥόος	3
ψυχάζω_ψυχή_ψύχω_	3
παραγωγη	3
τείνω	3
λιπαρός	3
Δωρίς	3
βουκόλιον_βουκολέω_	3
εἰμί_ὦσις_	3
κλυτόπωλος	3
βροτολοιγός	3
άμεινον	3
Αριστοφανης	3
τειχομαχία	3
οὐοὖος2_οὖλον_οὖλος2_οὖλονς1_οὖλος3_ὅλοξ_	3
ᾗ	3
ὀνοματοθετικός	3
διπλασιάζω	3
εὐσεβέω	3
ἐπικίδνημι	3
λωβάομαι	3
ἐρυθρός	3
ἄρτιος	3
ἐπιμελής	3
ἄω1_ἄω3_	3
οὐτέ	3
οικείως	3
Πολυποίτης	3
δολιχός	3
ἐγγυαλίζω	3
Μελάνιππος_μελάνιππος_	3
ἔμπαλιν	3
ἐπανίστημι	3
σκορπίζω	3
ὁπλίτης	3
θωρακοζώνη	3
ἐπίφοβος	3
ἐπαυλίζομαι	3
ῥιγέω	3
Αἰτωλός_Αἰτωλοί_	3
νήας	3
γονεύς_γονή_γονάω_	3
κώμη	3
ναίω2_ναίω1_νήιος_	3
δέω2	3
ξυλόω_ξύλον_	3
ὑπομενητικός	3
βάζω_βαίνω_	3
θερμαίνω	3
τριβράχεα	3
ἀνιερόω_ἀναιρέω_	3
ἐμφανής	3
ήλυθε	3
ἄδοξος	3
ἅπτω_ἥβη_ἡβάω_Ἥβη_	3
Δρύας	3
ῥέω_ἔρρω_	3
κασιγνητικός	3
ἐνωπή	3
συμπληρόω	3
τέθηπα_τάφος1_	3
πρωτοτόκος	3
ἀπάχθομαι_ἀπέχθομαι_ἀπεχθάνομαι_	3
οὖρον1_οὖρον2_	3
Τροίζηνος	3
ἐμπήγνυμι	3
σκοπιά	3
ἱκετεύω	3
βασιλεία_βασίλεια_βασιλειάω_βασίλειος_	3
φοιτάζω_φοιτάω_	3
θεοφιλής	3
ὄναρ	3
ἐπισκύνιον	3
χαμάδις	3
ἀμήχανος	3
ἀναπληρόω	3
ἀναγκαίη_ἀναγκαῖον_ἀνάγκη_	3
Ἀσκληπιός	3
διικνέομαι	3
ἐγώ_ἀγός_	3
ἐκδείκνυμι_ἐκδέχομαι_	3
λόγιος_λόγιον_	3
τριχθά	3
ῥήγνυμι	3
αἴθων	3
μήδομαι	3
ἀποτρέπω	3
νεάω_νέω3_νέω1_νέω_νέος_νέω2_	3
προσεκτέος	3
παροτρύνω	3
Πουλυδάμας	3
ἀποτυγχάνω	3
στεῖνος	3
λύτρον	3
στρατιώτης	3
γῆρας_γηράω_γηράσκω_	3
Ἀνακρέων	3
πόρτις	3
ὦχρος	3
εὔτονος	3
ἀναλογέω	3
ἐπιπροίημι	3
ὑπόμνησις	3
ὤψ	3
κατακαίω	3
σύνειμι1	3
συγγένεια	3
αὔτη	3
Εφύρης	3
ἐπιτατικός	3
οὐράνιος	3
ανηρ	3
οὐδαμῶς_οὐδαμός_	3
δοχμός	3
πορεύω_ἐφορεύω_	3
Κυάνεαι_κυάνεος_κυανέω_	3
ἀξιόχρεως	3
δαίς1_δαί_	3
Χρόμιος	3
φόρμιγξ	3
σπάρτη_Σπάρτη_	3
έα	3
ἀπαντή_ἀπαντάω_	3
φρίζω_φρίσσω_	3
πόσις2_πόσις1_	3
Ολύμπου	3
κλῆρος_κληρόω_	3
στρατάω%2_στρατός_	3
έχειν	3
φθορά	3
φίλιος_φιλία_	3
ἀπάτη_ἀπατάω_	3
βούλομαι_βούλησις_	3
βοήθεια	3
Πετεώς	3
φυτόν_φυτός_	3
ϊμᾶσι	3
γεύω	3
Ἀπολλωνιος	3
δέμω	3
ἐμπλέκω	3
εποίησαν	3
χεύω_χέω_	3
μής	3
ἄρτι	3
ἐπιστάζω_ἐπίσταμαι_ἐφίστημι_	3
παίδας	3
ψευδής	3
ὄσφρησις	3
λοιπός	3
μετάβασις	3
Ὀδύσσεια	3
πλέως_πλέω_	3
ἐπιβουλή	3
ἆσσον	3
διαπορέω	3
ἀγχίαλος	3
ἐμφύλιος	3
ἀκρωτήριον	3
φίλος_φιλόω_	3
ϊδίαν	3
ἀρσίπους_ἀερσίπους_	3
ψευδος	3
ἐκεῖθεν	3
ἕλκος	3
οἰκέτης	3
πρότμησις	3
ὑποταρτάριος	3
μενεαίνω	3
εὐσεβής	3
ἐξοχή	3
τίω	3
θήρ	3
πύλος_Πύλος_	3
Ἴωνες	3
χοῖρος	3
ενεστῶτος	3
τέγεος	3
ἑῷος	3
γεγονεν	3
ἰδικός	3
Ἀκρίσιος	3
Ατρείδη	3
περισπαται	3
εὐγενής	3
κάθαρσις_καθάρσιος_	3
ἐύκτιτος	3
επιφερόμενον	3
οἶδα_εἶδον_	3
θέσις	3
τέλος_τελέω_	3
Ζ	3
έφατ'	3
ἥδομαι	3
ἀληθεύω	3
βόσκημα	3
οὐδ’	3
βοάγριον	3
Ἔκτορα	3
δοῦπος	3
τριχόω_θρίξ_	3
ἐξαίρω_ἐξαιρετός_	3
ἐρύγμηλος	3
μηδ	3
έξωθεν	3
οὔτω	3
καλέω_κέλομαι_	3
ἀντιλέγω	3
ἑτοιμάζω	3
άρ	3
ἐφορμέω_ἐφορμάω_	3
ἀκλεής	3
σπιδής	3
ὑπερῷος	3
Νίκανδρος	3
συγγιγνώσκω	3
Ἴλιος_Ἴλιοσλιος_Ἴλι_	3
Ζωίλος	3
ἀπαυράω	3
μειλιχία_μειλίχιος_	3
κήρα	3
Φίλιππος	3
ὕω	3
ἄργυρος	3
Πυλαιμενοῦς	3
κελαδέω	3
Αργείων	3
Ήρα	3
οἶμος	3
κνίζω_κνισόω_	3
ἀπηνής	3
Παιάν_Παιήων_	3
ἐντέλλω	3
στενός	3
τουπίσω	3
οὔτις	3
ἀκολουθέω	3
ερέω	3
βή	3
μεγάθυμος	3
μέσος_μέση_μέσης_	3
ὑποθήκη	3
τετράποδος_τετράπους_	3
ἐγχωρέω	3
Λεσβίδας	3
κυπάρισσος	3
Ἕλενος	3
πρώτοι	3
εὐθεῖα_εὐθύς1_	3
ἐπιτάσσω	3
ἄρνησις	3
ἕως	3
στιχον	3
σαφήνεια	3
δέκα_δεκάω_	3
δώρατος	3
παρειάς_παρειά_	3
ὑποκάτω	3
ἐγγύθεν	3
πταίω	3
ἔρος2_ἐρῶ_ἐρέω_ἔρα_ἐράω1_	3
Ριανοῦ	3
ἐγκαλέω	3
βαιός	3
επιφερομένου	3
νοστέω	3
οὖτοι	3
Φρυγία_φρυγία_Φρύγιος_φρύγιος_	3
Λαπίθης_Λαπίθαι_	3
μορόεις	3
Αριστοφάνους	3
άδος	3
πρέσβις	3
ὀχθέω	3
Ϊώνων	3
Λ	3
ἀντωνυμιαν	3
Πληιόνη	3
μυρίκινος	3
ἡμιν	3
ῳ	3
Εκτορος	3
πολυδίψιος	3
ἄνοπλος	3
ὑπολύω	3
ἄδραστος_Ἄδραστος_	3
Παιάν	3
κατελεέω	3
σχάω_ἔχω_	3
χραισμέω	3
ἀντιλαμβάνω	3
συζύγιος_συζυγία_	3
έοι	3
ἁπλός	3
ἄγνοια	3
νεωτερικός	3
παραλλάσσω	3
ἄπειμι2_ἄπειμι1_	3
ἄαπτος	3
φλόξ	3
ἁμός1	3
Ϊλιον	4
γνωμικός	4
κατόρθωμα	4
Ἔκτωρ	4
πλῆθος_πίμπλημι_	4
πρακτικός	4
θεοπρόπος	4
ἀπάρχομαι	4
χείμαρρος_χειμάρρους_	4
φαίδιμος	4
ὁπότ	4
δέρκομαι	4
ἐκεῖνος_κενόω_κεῖνος_	4
στέφω	4
ἀπάγω	4
βλάβη_βλάπτω_	4
σφάζω	4
πτερόεις	4
κρόταφος	4
θεία_θεῖος1_	4
φιτρός	4
ορθοτονητέον	4
ἀναπέμπω	4
νεῦρον	4
χρώς_χροιά_	4
βοηθός	4
ἀποτείνω	4
ἐίσκω	4
ἐποίχομαι	4
σκοπός	4
λοιπάς_λοιπός_	4
φιλέω_φίλος_	4
πόρω_πόρος_	4
καίνυμαι	4
συνθήκη	4
αἰσθάνομαι	4
φιλοπόλεμος	4
σιγάω_σιγή_σιγάζω_	4
ἀντιστρέφω	4
λύπη	4
ἐπιβάλλω	4
ἐλεέω_ἐλεάω_	4
Όλυμπον	4
ἐμψυχόω_ἔμψυχος_	4
εὐφραίνω	4
Ζηνοδότειος	4
μοχλός	4
συστέλλω_συνεσταλμένως_	4
δριμύς	4
ὁμιλία	4
πέλωρ	4
παραδείκνυμι_παραδέχομαι_	4
ἀπειλή	4
ἦκα	4
ἀθροίζω	4
Ἴρις_Ἶρις_	4
παρασχηματισμός	4
φυλακή	4
μηρία	4
κύνεος_κυνέα_κυνέη_	4
στοχάζομαι	4
δύω2_δύναμαι_	4
πρόθυμος	4
γυναικεῖος	4
αιτία	4
δέω2_δεῖ_δέω1_	4
θάλλω	4
τόνος_τονόω_	4
Μενεσθεύς	4
προσπίτνω	4
δεσσμέω_δεσμεύω_δεσμέω_δεσεύω_δεσμός_δέσμη_	4
ἠθικός	4
ἵστωρ	4
ὦρος_Ὠρίων_ὠρέω_ὤριος_	4
μαντεύομαι_μαντεύω_	4
λιτανεύω	4
Ϊωνικῶς	4
Ἴστρος	4
βρίθω_βρίζω_	4
διαβάλλω	4
πατηρ	4
ναστάθμου	4
ἀνδρεῖος_ἀνδρειόω_	4
άλλων	4
συγκόπτω_συγκοπή_	4
ἐρινεός	4
οἰδάνω	4
Ἡρῳδιανος	4
Εὐρυβάτης	4
ὥρα	4
προτάσσω	4
θεάω_θεά_	4
σολοικοφανής	4
κυνηγός	4
σκότος	4
μεγαλόφρων	4
ἐξαιρετός	4
ἱκανός_ἱκανόω_	4
ὑφαίνω	4
ἀσχαλάα	4
γάλοως	4
Οδυσσέως	4
δίκαιος	4
τηλύγετος	4
άλλου	4
Ἄρης_ἀρά_	4
ἔννομος_Ἔννομος_	4
ἐπαμύνω	4
Ἀρκάς	4
χρέος	4
Ἶρις_ἶρις_	4
ἀυτή_ἀυτέω_	4
ἀνάδοσις	4
ἀγάννιφος	4
Ἄσκρη	4
ἐπικρατής_ἐπικρατέω_	4
ἀναδιπλασιασμός	4
οἴη_ὄις_οἰάω_	4
ἀντιθέω_ἀνατίθημι_ἀντίθεος_	4
ίδος_ιδος_	4
ἐναντίωσις	4
θυμός_θυμόω_	4
Πηνέλεως	4
ἆθλον_ἆθλος_	4
τρεῖς	4
μιμέομαι	4
ἀστράγαλος	4
ἡθετοῦντο	4
μονομαχέω	4
κῶλον	4
ναί_ναῦς_	4
θεωρέω	4
ἐπαίρω	4
ἄντυξ	4
Ηρωδιανός	4
πίμπρημι_πρήθω_	4
πρωτότυπος	4
αἰτικιατικὴ	4
σπουδαῖος	4
βαδίζω	4
βιόω_βίος_	4
ἐρινεόν_ἐρινεός_	4
κνισάω_κνῖσα_	4
Ἀμαζών	4
σκύμνος	4
τεύχε	4
αἴσθησις	4
ἀπόκρισις_ἄποκρισλς_	4
πάρος	4
πώποτε	4
ἐπιεικής	4
ἕ_ἒ_	4
τέττα	4
κατατίθημι	4
κερδαλέος	4
λόγος_λογόω_	4
γοργός	4
δέμω_δαμάζω_	4
πλήθω	4
σαόω_σώζω_	4
τοκεύς	4
ἐπί-ὠίζω_ἐπί-οἴγω_ἐπί-ὀίζω_	4
αρθρον	4
ὁμιλέω	4
Θράκευς_Θράκη_	4
πτῆσις	4
ἀθέτησις	4
δοκέω_δοκώ_δοκόω_	4
ἡδέως_ἡδύς_	4
πίμπλημι	4
νόμισμα	4
φυλάζω_φύλαξις_φυλάσσω_	4
τροφεύς	4
μήτρα	4
πρόσωθεν	4
ὅμαδος	4
ἄκρος_ἄκρον_ἄκρων_	4
ἐύς	4
βασιλευς	4
ή	4
βᾶρος_βάρος_	4
σκληρός	4
περιορίζω	4
ἠέλιος_ἥλιος_	4
δυάω	4
αἴητος	4
Ἀχαιίς	4
θαῦμα	4
πολύμητις	4
ἐπιτρέχω	4
προφράζω	4
ἐπιδευής	4
καταδύω	4
χιών	4
περατόω	4
κεστός	4
όλην	4
εγένετο	4
ἀλκτήρ	4
Ἰακός	4
ἀναπαύω	4
Πέργαμος_Πέργαμον_	4
κατάστασις	4
ὑλάω_ὗλις_ὕλη_	4
γέφυρα	4
Ϊακως	4
Αἴγινα	4
πορφυρέω_πορφύρεος_	4
Γλαῦκος_γλαῦκος_Γλαύκος_	4
ἠλεός	4
νύσσω	4
αὐερύω	4
ὁμοιωματικός	4
λοιγός	4
ὑπακουστέος_ὑπακουστέον_	4
έασι	4
τράπεζα	4
Ησίοδος	4
ἐνδέξιος	4
δόρπον	4
τιτίζω	4
ἀπαρτίζω	4
μηνύω	4
ὑπόσχεσις	4
ἐρητύω	4
μεταπλασμός	4
ἀνδροφόνος	4
ἀκή_ἀκέων_ἀκέω_ἄκος_	4
εὐωχέω	4
ἐρέσσω	4
προσστάζω_προστάσσω_	4
πλησιάζω	4
μαίνομαι_μείς_	4
σφεῖς_σύ_σφός_	4
κτάομαι_κτέομαι_	4
Θουκυδίδης	4
ὀκτώ	4
Ήραν	4
εὐειδής	4
κάρ	4
Βορέας_Βορέης_	4
μεγαίρω	4
Ἀριάδνη	4
ὑπόδειγμα	4
ἀξιόπιστος	4
ἄλλ	4
χέω_χάω_	4
συναθροίζω	4
στενάζω	4
Ζέλεια	4
γύαλον_γύαλος_	4
ἀνάζω_ἀνάσσω_	4
βολή	4
Μελεαγρου	4
νέατος	4
Ἀσωπός	4
ποιμαίνω	4
δυσωπέω	4
πλούσιος	4
Όμηρος	4
μερμηρίζω	4
ἄμαθος	4
ἀποκοπέομαι_ἀποκοπή_ἀποκόπτω_	4
πλάτος	4
άρματος	4
χθιζός	4
Ἡρῳδιανός	4
δύσις	4
φίλος_φιλόω_φῖλος_	4
ἐπιφάνεια_ἐπιφαίνω_	4
εὐρύοπα	4
ἀντίθεος	4
Ἑκάβη	4
ὁμίχλη	4
εστήκει	4
όπλοις	4
hmt	4
ἥδυμος	4
Ωκεανοῦ	4
ζώω	4
οἵεται	4
δειρή	4
ἐλατήρ	4
ἔριθος	4
Χρόμις	4
τέλλω_τελέω_	4
τάσσω_τάξις_τήκω_	4
μεταπλάσσω	4
ουχ	4
προσηγορία	4
ὑπομιμνήσκω	4
εὐχωλή	4
Δευκαλίδης	4
ἐπαυρέω	4
ῥίζα	4
δαπανάω	4
Φρύξ	4
ὑψιπέτης	4
Εὐρυσθεύς	4
αὐλός_αὐλέω_αὐλή_	4
τρίπους	4
δημώδης	4
ἔραμαι_ἐράομαι_	4
βοηλασία	4
οὐσία	4
ἀσθένεια	4
δόξα_δοκέω_δόξις_	4
προσληπτέος_προσληπτέον_	4
ἡθέτηκεν	4
Γίγας	4
ἄχνη	4
Ϊ	4
άπαξ	4
ζεύγνυμι	4
ἀπολαμβάνω	4
κρατήρ	4
θυμικός	4
αἰνίσσομαι	4
ἐπιδέχομαι	4
Ἴφιτος	4
περίφρασις	4
ὑποκοριστικός	4
ἀθανασία	4
παιδίον	4
ἰατρικός	4
ἀμφίπολος	4
ἐφάλλομαι	4
ταρφύς	4
Θηβαῖος	4
ἐνδύω	4
πότμος	4
προπαροξυτονητέον	4
ὑμέτερος	4
δάω	4
ἀριθμέω	4
ἐπιτάρροθος	4
πλέκω	4
ἀφανής	4
ἀίδηλος	4
cts	4
πολέμιος_πολεμέω_	4
ἐπιμένω	4
αὐξάνω_αὔξησις_αὖξις_	4
ἀπιθέω	4
προσήνεια	4
κριθή_κριθάω_	4
πρώτιστος	4
ἱππότης	4
ἅδην	4
ἀνάγνωσις_ἀναγιγνώσκω_	4
ἔφορος	4
κλύω	4
ἀέξω	4
φιλοψευδής	4
ῥητορικός	4
ἐπιδείκνυμι	4
κομάω_κόμη_κόμης_	4
επει	4
σύγγραμμα	4
όντως	4
εἰμί_εἶεν_	4
μελάντερος	4
παραμυθία	4
λιτή_λιτός_	4
ορῶν	4
τυτθός	4
κρι	4
Σκάνδεια	4
σκληρός_σκληρόω_	4
μάτη_ματάω_μάτην_μάτος_	4
Λοκρός	4
ελθεῖν	4
κυδιάω	4
πτωτικός	4
ἦδος	4
χάρις_Χάρις_	4
ὑπερβατόν_ὑπερβατός_	4
ταλαύρινος	4
κιχράω	4
παρουσία	4
νεόω	4
Κτέατος	4
ὄρεξις	4
θυηλή	4
Μεσσήνη	4
ἀκριβής_ἀκριβῶς_ἀκριβόω_	4
δέω1	4
παραπληρωματικός	4
ὀρεύς_οὐρεύς_	4
ὑπερμαχέω	4
στήλη	4
ἐν_ἀνά_	4
δίδωμι_δώσων_	4
ἔριον	4
εἰσακούω	4
ἀπαρτάω	4
ἀκοή	4
Ἐλευσίς	4
1	4
ἄλγος	4
εὔδηλος	4
ἐγχαράσσω	4
βαρυ	4
Διονυσιος	4
διάθεσις	4
χαλκοῦς_χάλκεος_χαλκόω_	4
προφαίνω	4
ἀνακομιδή	4
Χρυσίππος_Χρύσιππος_	4
μισθός_μισθόω_	4
ἐναρίζω	4
αὐλός	4
δινήεις	4
θεον_θεάω_θέω_	4
ἐνιαυτός	4
κατά-καθέζομαι	4
Γόργω_Γοργώ_	4
κηρύσσω	4
Διοτρεφής	4
εἴδομαι	4
κυκεών	4
ἐξάπτω	4
σοφία	4
ἠμέν	4
Ἰλιακός	4
Λυδία_Λύδιος_Λυδίας_	4
περιγίγνομαι	4
Πέρσης_πέρθω_	4
βάσκω	4
μῆν	4
ἐνέρτερος	4
ἀδιάφορος	4
ἐπιβουλεύω	4
πρηνής	4
έτερος	4
Κρής	4
χεῖλος	4
προθεσις	4
τέρπω_τραπέω_τρέπω_	4
φοξός	4
εισὶν	4
Ὑπερήνωρ	4
σύν-λάπτω	4
κυδαίνω	4
Θρᾳκία	4
ὁμῶς_ὁμόω_	4
προσφιλής	4
ἥσυχος	4
θυσία	4
φωτίζω	4
ἄχθομαι	4
ὄρος_ὀρεύς_	4
κύων_κυνάω_κυνέω_κυνώ_	4
λιθάω_λίθος_	4
tlg5026	4
κατάληξις	4
ὑιὸς	4
σφέτερος	4
προσαυδάω	4
ἀλήιος	4
σηκός	4
τοιόσδε	4
ἀπόδοσις	4
ἄχθος	4
Ἀλεξίωνα	4
χαμαί	4
παραλληλως	4
Αἴγισθος	4
χειμάρρους_χείμαρρος_	4
Σεμέλη	4
Πηλεύς_Πηλείδης_	4
πανομφαῖος	4
comment	4
εὐκλεής	4
πρυλέες	4
νέος_νεόω_	4
οἰκτρός	4
ἔρις	4
μελιηδής	4
πτήσσω	4
χρηστός	4
ἀγλαός	4
ὁμόω	4
εὐπρεπής	4
ἀκούσιος_ἀεκούσιος_	4
μέτωπον	4
ἄρθρον_ἀρθρόω_	4
ἄντομαι	4
πέσσω	4
σεύω	4
ἀστεροπή	4
δαίς1	4
Κυκλάδες	4
ἐπιθυμία_ἐπιθυμιάω_	4
εἰς_ὗς_	4
κοιμίζω	4
εἴρω2_ἔρομαι_εἴρω_	4
κέρδος	4
μεθάλλομαι	4
Πανοπεύς	4
χρύσεος_χρυσός_	4
μεταγενέστερος_μεταγενής_	4
χρεῖος	4
ἀρίζηλος	4
ἔα_ἐάω_εἰμί_	4
ἀρατός_ἀρητός_	4
εὐλή	4
σόλοικος	4
νότος_Νότος_	4
κείρω	4
παρθένιος	4
εἰσ-τήκω	4
Φόρκυς	4
παραγωγή	4
αἰγίοχος	4
κάθημαι_ἧμαι_	4
βρέφος	4
Αγαμέμνων	4
ὕπνον_ὕπνος_	4
χαριν	4
ὀλέθριος	4
Ἐνυάλιος	4
ἀθλητής	4
στρουθός	4
ὀνέομαι_ὀνήνημι_ὀνίνημι_ὄνησις_ὀνὀνιμι_	4
οἶτος	4
ἐρεύγομαι	4
ἐρινύω_Ἐρινύς_	4
Ἰφιδάμας	4
ἱερά_ἱερός_	4
πρό-παροξύνω	4
αί	4
greekLit	4
βέλτερος	4
παρήορος	4
ἀποτέμνω	4
Τένεδος	4
πυρώδης	4
δυάς	4
χρεῖος_χρέος_	4
μετάγω	4
κορυφή_κορύπτω_	4
εἴτε_αἴθε_εἴθε_	4
προθεσεως	4
κτάομαι	4
αὖτε_αὖθι_	4
νεικέω_νεῖκος_νει_	4
καταγωνίζομαι	4
ἐπιφωνέω	4
Κρόνιος	4
ἀπωθέω	4
αἰόλος	4
ἀσαφής	4
ἄλευρον	4
λίς1	4
πάγχυ	4
Φόβος_φόβος_	4
ἀγαθός_ἀγαθόω_	4
ῥήτωρ	4
διά-τέλλω	4
συναφής	4
φοῖβος_Φοῖβος_	4
λύχνος_λύχνον_	4
ποιπνύω	4
κακοπαθέω	4
ερῶ	4
ύψους	4
ὄχημα	4
τάχιστος_ταχύς_	4
ἀριστίαν	4
Πολυνείκης	4
κληδών	4
αυτόθι	4
κνήμη	4
περισσοσύλλαβος	4
ζωή_ζωός_	4
χαρά	4
σώζω_σαόω_	4
προκαθίζω	4
ὄψις	4
σίδηρος_σίδηρον_	4
Αλέξανδρος	4
πελάζω	4
ἰός2_ἰός1_	4
Γλαῦκος_γλαύξ_γλαῦκος_Γλαύκος_	4
φιλοστοργία	4
βοάω	4
συγκλείω	4
ἐκσπάω	4
προσεῖπον	4
συναγωγή	4
ἀγήραος	4
όπλων	4
ἔνδεια	4
υἱός_υἱόω_	4
μελίζω_μέλισσα_	4
Στύξ	4
κοινωνέω	4
στέμμα	4
κουρίδιος	4
διορίζω	4
Αττικῆς	4
περιαιρέω	4
Ὀλύμπιος	4
ὁρμάω	4
ἐκλαμβάνω	4
άμα	4
πόποι	4
φίλος_φῖλος_φιλέω_	4
συνηθης	4
ἐκτατέον	4
δικαστής	4
ρά	4
θεάω_θέα_	4
ἀφήκω_ἀφίημι_	4
γλυκύς	4
Θρᾶξ	4
οὖς	4
εὐωχία	4
ἑρμηνεία	4
κύτος	4
εἰσοράω	4
ὀμφαλός	4
θάσσων_ταχύς_	4
ἀρή_ἀρά_	4
ἐντῷ	4
πυρεύς_πυράζω_πυρή_	4
φιλότιμος	4
ἄω1_ἀάω_	4
ἀμέλει_ἀμελέω_	4
οξείαν	4
κακόω	4
κήδω	4
Ἱπποδάμεια_Ἱπποδάμειον_	4
ᾠδή_ἀοιδή_	4
πειράω_πειράζω_	4
ἀποπίπτω	4
ὑπέρμορα_ὑπέρμορον_	4
ἑκατόμβη	4
ἱππεύω	4
δρόμος	4
Λυκάων	4
ἀνά-ἴσχω	4
κύω	4
ἐγχώριος	4
συντέμνω	4
πλοῦτος1	4
ἀναπνέω	4
τίη	4
Οὐρανός	4
πύλη_πυλόω_	4
Φρυγία_φρυγία_φρύγιος_Φρύγιος_	4
σιωπάω_σιωπή_	4
καταστρέφω	4
ἀπινύσσω	4
Διος	4
ἄτρωτος	4
συνεκτικός	4
ἀνεκτός	4
παρατείνω	4
ἐρίζω	4
διαπράσσω	4
περιλαμβάνω	4
ἕδος	4
κραιπνός	4
ἀρχή_ἀρχήν_	4
ἔναρος_ἔναρα_ἐνᾶρόω_	4
νειός	4
συνίστημι_συνιστάω_	4
Θρύον_θρύον_	4
Ηρωδιανὸς	4
χάζω_χάζομαι_	4
διαπρό	4
ἔντοσθε	4
ζῷον_ζώιον_ζῳόω_	4
μεριμνάω	4
λάθρῃ	4
νιφάς	4
ἀποπλέω	4
ὑπαντάω	4
ἐκλανθάνω	4
Μέμνων	4
ἰχθύς	4
Κυλλήνη	4
ἀνδρομήκης	4
ἐνέπω	4
λευγαλέος	4
ἐκληπτέον	4
ἐις	4
παρασκευαστικός	4
ἀπότομος	4
ἀναλογία	4
βλαβερός	4
συνελαύνω	4
φορά	4
ἐτήτυμος	4
ἐξίστημι	4
πρώην	4
Ἀθηναῖος_Ἀθήναιος_Ἀθήναιον_Ἀθήναια_	4
ἐπιφαίνω	4
Κράτης	4
μῖξις_μίξις_	4
δολόω_Δόλων_δόλων_δόλος_	4
μάρτυς_μάρτυρος_	4
δύω2_δύω1_	4
Ἄντεια	4
Ὑπερίων	4
βροτόομαι_βροτός_	4
ἀνάγω	4
μαρμάρεος	4
ἀντιπίπτω	4
ἐπιπλοκή	4
ατος	4
ἆτος_ἄατος_	4
πρόοιδα	4
Πηλείων_Πηλεύς_	4
καθό	4
τώς_ὁ_	4
στατός	4
ἀνακομίζω	4
βληχρός	4
οὐδέ_οὐδός2_οὐδός1_	4
ἀποτμήγω	4
ἐπεξηγέομαι	5
αἰδώς_αἰδώ_	5
ὁπότερος	5
Ζευς	5
τόκος	5
οὔτοι	5
ἀδεής	5
ίδιον	5
κατέρχομαι	5
πρόφασις	5
μείων_μειόω_	5
περιτίθημι	5
μετανοέω	5
πλέω_πλέως_πλείων_	5
πη	5
ἆθλος_ἆθλον_	5
σκοτεινός	5
παρίημι_πάρειμι1_	5
ἔμπας	5
βότρυς	5
εἴδω	5
ἄγριος_ἀγρέω_	5
νῶτος_νῶτον_	5
δειλιάω_δειλία_	5
παράδοξος	5
ἰδέ	5
ἐλπίζω	5
καταλέγω	5
συνίημι	5
εἰς_εἶμι_εἰμί_	5
ἔξοδος2_ἔξοδος1_	5
ἐν_ἐν_	5
ῥιπή	5
χρίω	5
ὄψον	5
πολυπῖδαξ_πολυπίδακος_	5
φιλονεικέω	5
ἐνσείω	5
Λοκρός_Λοκροί_	5
Θρυόεσσα	5
σείω	5
ἔκπληξις	5
κυλίνδω	5
φρόνιμος	5
πόρω	5
καταριθμέω	5
ὁμοίιος_ὅμοιος_	5
ἱκανός	5
όλης	5
πλείων_πλέος_πλέω_	5
συνόχωκα	5
πρόδομον_πρόδομος2_πρόδομος1_	5
Διόνυσος_Διονύσος_	5
εἰάζω_ἐάω_	5
μήστωρ	5
φρίξ	5
ποινή	5
συλάω	5
λεκτός	5
ἀυτέω_ἀυτή_	5
χολόω_χολόομαι_	5
ὑγράζω_ὑγρός_	5
τρίγληνος	5
κτητικός	5
Πιτθεύς	5
εὐθύς2_εὐθύς1_	5
φυτός_φυτόν_	5
ἐπιλανθάνομαι	5
μάρναμαι	5
Λακωνικός	5
ὅπη	5
Λέσβος	5
εἰπῶν	5
συγκαλέω	5
νόσφι	5
όλου	5
ἄπωθεν	5
πειράζω_πειράω_	5
λεύσσω	5
ὑπερθετικός	5
πλευρά	5
ὁπλίζω	5
παροξύτονος	5
λάινος	5
ξένιος	5
κέλευθος	5
σταθμός	5
ποτέ_πότε_πότος_	5
στρατόπεδον	5
νῖκος_νίκη_νικάω_	5
συνέπεια	5
διαστολή_διαστολεύς_	5
μέσης_μέσος_μεσόω_	5
ὁράω_ὥρα_	5
πιφαύσκω	5
τῆλε	5
θεῖος2_θεῖος1_	5
τέλειος_τελειόω_	5
Κάδμος	5
ἔρομαι_ἐρέομαι_ἐρέω_ἐρῶ_	5
λίνος_λίνον_	5
κατασκευή_κατασκευάζω_	5
λίπος	5
κατεσθίω	5
ὀψείω	5
ἔρδω_ἄρχω_	5
στερέμνιος	5
ἄπειμι1_ἄπειμι2_	5
προκαλέω	5
ού	5
Ί̈λιον	5
ἔναρος_ἔναρα_	5
ἀ	5
παντοῖος	5
πήσσω_πήγνυμι_	5
γυμνός	5
φθάζω_φθάνω_	5
συμφορά	5
ὅρκος	5
ἀπριάτην_ἀπρίατος_	5
πολέω	5
ποιέω_ποίησις_	5
Πελασγός	5
φάσγανον	5
ἐννῆμαρ	5
Χρυσηίς	5
πᾶς_πάντῃ_	5
προσνέμω	5
προηγέομαι	5
ἀνθρώπινος	5
κακοπάθεια	5
τύμβος	5
ιδίαν	5
κριθή	5
όρει	5
δεινόω_δεινός_	5
δυσχερής	5
λιτός	5
βιάω_βιάζω_	5
ἔρρω	5
παραινέω	5
λογίζομαι	5
ἐπιπλήσσω	5
ἀνάπαυσις	5
ἐγκώμιος	5
ἐκκλησία	5
ὄλεθρος	5
καίριος	5
ὄρνις	5
σολοικισμός	5
καταχέω	5
ἀνατρέπω	5
ὕβρις	5
ἀγανός	5
κακάζω_κακός_	5
ἐπισπάω	5
ἀποστροφή	5
ζωστήρ	5
κύπρος_Κύπρος_	5
Ὀροάνδης	5
ὁποῖος	5
Τυφωεύς	5
ἵημι_ἕ_	5
Ἴλος_Ἶλος_	5
Ἀθάμας	5
φροντίζω	5
ἵστημι_ἱστάω_	5
μάστιξ	5
ἀριστεία	5
κύω_κύων_	5
πρᾶξις	5
ἄθροισμα	5
Αχιλλεῖ	5
ἐξαπατάω	5
λαφύσσω	5
χάλκειος_χαλκεῖον_	5
στέρομαι_στέρησις_	5
ἦθος_ἠθέω_	5
νέκταρ	5
ὀρθόω	5
διαζευκτικός	5
ἕξις_ἔχω_	5
ἡγήτωρ	5
κάματος	5
Λυρνησσός	5
ἀνήρ_ἀνδρίς_	5
αἰπύς_Αἰπύ_	5
δίδυμος_Δίδυμος_	5
ῥέζω_ἐρέσσω_	5
ἀνύω	5
ὑποπίπτω	5
πλάζω	5
Ἄλθαία_ἀλθαία_	5
ἀείρω_αἴρω_ἄρον_ἀρόω_	5
καθότι	5
γλωσσογράφος	5
τραγικός	5
Ελλήνων	5
θείνω_τίθημι_	5
Ασκαλωνίτης	5
χωριστέος	5
μεριμνάω_μέριμνα_	5
ὀφείλω_ὀφέλλω_	5
μηχανή	5
ἀπόφημι_ἀπόφασις2_ἀπόφασις1_	5
ούσης	5
ἠθεῖος	5
ῥέον_ῥέω_	5
τελευτάω_τελευτή_	5
γένεσις	5
ἄλληκτος	5
συνεργός	5
ἀράζω_ἔραμαι_	5
βόειος	5
ἄνθος	5
ἥμισυς	5
ἐπιστάτη_ἐπίσταμαι_ἐφίστημι_	5
χρυσός_χρυσόω_χρύσεος_	5
ὀρίνω	5
περιβάλλω	5
ἀπαλλάσσω_ἀπαλλαξείω_	5
γραφής_γράφω_γραφή_γραφεύς_	5
χράομαι_χράω2_χράω1_χραύω_	5
μόρον_μόρος_	5
νεκρός_νεκρόω_	5
νεοσσός	5
μυσόω_μυσόν_μύζωω_μύσος_μύω_μυσή_Μυσός_μύζω_μυσός_	5
σήπω	5
μοῖρα_μοιράω_	5
μήνιδος	5
δεσμέω_δεσμός_δεσμεύω_	5
ἐπίορκος	5
βιβάω_βιβάζω_	5
Παρμενίσκος	5
Θῆβαι_Θήβη_	5
φρόνησις	5
τάχος_ταχύς_τάχα_	5
ἡττάω_ἡσσάομαι_	5
στυγέω	5
νέω3_νέω_νέομαι_	5
πικρός	5
ἀγορά_ἀγοράομαι_ἀγοράζω_	5
Τιτάν_Τίτανος_τίτανος_	5
εἴδομαι_εἴσω_	5
ἄφρων	5
όρκον	5
δίζημαι	5
Πιερία	5
παρεισάγω	5
καταφρονέω	5
ὁμοιότης	5
Αἰακός	5
γυῖον	5
λαγών	5
οἰκεῖος_οἰκείω_οἰκειόω_οἰκέω_	5
σύμμαχος	5
ζυγόν_ζυγός_	5
ὼς	5
λοιδορέω	5
ἦθος	5
φυγή_φυγάς_	5
τιμάω_τιμή_τιμέω_	5
τουτον	5
νεάω_νέος_νέα_ναῦς_	5
ἐπιτήδειος	5
κέω_κίω_	5
τέος_τέως_	5
προστάσσω_προσστάζω_	5
πολυκλήις	5
θρασύς	5
Αἰθίοψ	5
τινάσσω	5
διστακτικός	5
ἁλίπλοος	5
ταρβέω	5
φθάνω_φθάζω_	5
συνιστάω_συνίστημι_	5
καθεύδω	5
ποῖος_πόα_	5
εὐχετάομαι	5
ἀνέρχομαι	5
ἀνοίγνυμι	5
πρέπω	5
Δουλίχιος	5
ψιλός_ψιλόω_	5
γονάω_γόνυ_	5
κλειτός	5
Έκτωρ	5
τιμάω_τιμή_	5
βίος	5
ἀρετάω_ἀρετή_	5
καυχάομαι	5
τέκος	5
ἥκω	5
γνωτός	5
ἀποφυγή	5
κασιγνήτη	5
Σχεδίος	5
κλῆσις	5
ὕπνος_ὕπνον_ὑπνόω_	5
μογέω	5
παμφαίνω	5
λοίγιος	5
σσ	5
οὐλή	5
Ἰωνικός	5
προφορά	5
ἀναστροφή	5
ἀάω_ἠώς_	5
ἀφορμή	5
ἄελλα	5
ἔρως	5
μητρίς_μήτηρ_	5
ἀποστέλλω	5
πονέω	5
εὐκρινής	5
μετέχω	5
ἐλάσσων	5
ἀποδείκνυμι_ἀποδέχομαι_	5
αἴτιος	5
παλλακίς	5
δαήρ	5
πονέομαι_πονέω_	5
πίσσα	5
ἀρτέομαι_ἀρτάω_	5
δορά	5
ἰατρός	5
ζώνη	5
μονομαχία	5
ἄκρα_ἄκρος_ἄκρον_	5
παράδειγμα	5
οί	5
σκότος_σκοτόω_	5
φαίνω_φανάω_	5
ἀνά_ἄν2_ἄν1_ἐάν_	5
δίδημι_δίδωμι_	5
πρυμνός	5
κατάλληλος	5
πορίζω	5
ὑπισχνέομαι_ὑπέχω_	5
τίπτε	5
ἐπιτηρέω	5
λήιον	5
ἐνοπή	5
πη_πῆ_	5
οἴχομαι	5
ἆ	5
φύγαδε	5
ῥεῖα	5
ἔπειμι1	5
μαλακόω_μαλακός_	5
ὑποφαίνω	5
γονεύς_γονάω_	5
ἄκρα_ἄκρος_	5
σπάω	5
ἀνάρμοστος	5
Διόσκοροι_Διόσκουροι_	5
ἀστράπτω	5
ὑπερβαίνω	5
ὄψις_ὄψος_ὁράω_	5
ἐκεῖνος_κεῖνος_	5
ὑποβάλλω	5
σῶς_σόος_	5
ῥᾴδιος	5
φόνος_φονόω_	5
καταφλέγω	5
ὄντως	5
ἐρείδω	5
ἐφεξῆς_ἐπώχατο_	5
νικάω_νίκη_	5
τελειόω	5
Σέλευκος	5
θρῆνος	5
πηρός	5
ὀξείαν	5
ζέσις	5
στερέω	5
ἀριθμός_ἀριθμέω_	5
ἀναβιβάζω	5
αἵρεσις	5
Σωσιγένης	5
ὠκύμορος	5
εἰδος	5
νόημα	5
χάλκεος	5
ἀμφοτέρωθεν	5
γαστήρ	5
εκείνῳ	5
Πελλήνη	5
φάτνη	5
βοῶπις	5
ἔνδοξος	5
κυρέω_κύριος_κυριόω_κῦρος_	5
Ἴλι_Ἴλιοσλιος_Ἴλιος_Ἴλιον_	5
Εὔφορβος	5
θεὰ	5
Ἀθήνευς_Ἀθήνη_Ἀθῆναι_	5
Ἀντρών	5
ἐπιπλέω_ἐπιπλάζω_	5
ὑπερβάλλω	5
εὔξοος	5
διασκευάζω	5
διπλασιασμός	5
θαυμασμός	5
μείς	5
Κάριος	5
δόλος	5
ὑπόνοια	5
κλάω	5
θεσπέσιος	5
φέβομαι	5
πρότερος_προσερέσθαι_	5
χορός	5
κλέος	5
προσφέρω	5
χλαῖνα	5
Ϊδομενεὺς	5
συνδέω_συνδέομαι_	5
ἀθανατόω_ἀθάνατος_	5
ὑπεραής	5
ἐθίζω	5
ἀργός1_ἀργός2_	5
τιμάω	5
πτηνός	5
τιμήεις	5
ἄλαλκε	5
σχημα	5
ὀφρύς	5
προβαίνω	5
Θεσσαλικός	5
σθένος	5
Μυρτίλλου	5
σειρά	5
πέπλος_πεπλος_	5
πρόσειμι1	5
καρπάλιμος	5
αἶα	5
Διομήδης_Διομήδη_	5
συνεκδοχικός	5
πανταχοῦ	5
Δημήτηρ	5
αὐτόθεν	5
πρέσσβυς_πρέσβις_	5
εἰκαῖος	5
παροιμία	5
πτολίπορθος	5
μιμητός_μιμητής_	5
ἴσχω	5
ὄπισθεν_ὀπίζω_	5
έτερον	5
ἀγέρωχος	5
ἄμυδις	5
νίκη_νικάω_νῖκος_	5
ῥοή_ῥοάς_	5
ζάφελος	5
τροπάομαι_τροπέω_τροπή_	5
ῥίμφα	5
κάμπτω	5
πρόσω_πρόσσω_	5
προτροπή	5
βίαιος	5
ἱερεύς	5
Λύκιος	5
μισθός	5
κύμινδις	5
ὑπόκρισις	5
κεφαλαιώδης	5
τεχνικός	5
ἀλγέω	5
εὐθείαν	5
Τήλεφος	5
Δεξιάδη	5
λιτός_λιτή_	5
ὄχλος	5
ἐκτέμνω	5
εὐθής_εὐθύς1_εὐθέως_εὐθύς2_	5
δεξιόομαι	5
εὐφυής	5
πλάσσω	5
Ἐνυώ	5
ἱππικός	5
ἐπιτηδεύω	5
Βελλεροφόντης	5
δοκόω_δοκέω_δοκώ_	5
ὁρμάω_ὁρμέω_	5
ἐπαναλαμβάνω	5
προσδέχομαι	5
Μηριόνης	5
Ἀττική_Ἀττικός_	5
ἥκω_ἵημι_	5
ὀνομασία	5
στόμαχος	5
χέω	5
δάκρυον_δακρύω_	5
εὐχή	6
ὄνος	6
παρετυμολογέω	6
κιχάνω	6
ἀπαρχή	6
συνθεσία	6
φύλαξ	6
ὄνομαι	6
ἔνδον_ἐνδίδωμι_	6
ἀνταποδίδωμι	6
ἔθηκεν	6
ἰός2_ἰός1_εἷς_	6
Πηλεύς_Πηλείων_	6
ἐγχέω_ἐγχύνω_ἔγχος_	6
ἐμποδίζω	6
σύ_σέω_	6
ἀνατέλλω	6
ἡμὲν	6
Αἶσα	6
δαίνυμι	6
Ἑκτωρ	6
ναίω1_ναίω2_	6
ἐξελαύνω	6
χάω_χέω_	6
λαβή	6
ἀχλύς	6
διηγέομαι	6
ἀγωνίζομαι	6
ἧπαρ	6
ἀυτέω	6
ἔτος	6
ἅδος_ἁνδάνω_ἥδομαι_	6
Ναιάς_ναῦς_	6
χθών	6
μετάφημι	6
τέττιξ	6
ποίησις	6
σκυλεύω	6
αἶψα	6
Αἴαντε	6
εἶμι_εἰμί_	6
κρεισσόω_κρείσσων_	6
ἐπιπέμπω	6
ἀμφιγύεις	6
περίκειμαι	6
προβάλλω	6
κικλήσκω	6
Ἀθηνὰ	6
ένια	6
εἰμί_ἐάω_	6
ὕψος	6
βραδύς	6
ὑδατόω_ὕδωρ_	6
γείνομαι	6
πτερόν	6
κάλως	6
Σιμωνίδης	6
σάκκος_σάκος_	6
παρακελευστικός	6
νοητός	6
σώφρων	6
ἄπορος	6
ὄτι	6
πανημέριος	6
ἀπαγγέλλω	6
ὁδός1_ὁδάω_ὁδός2_ὁδόω_	6
γέλως	6
ἀντίος	6
Ἠετίων	6
προσαγορευτικός	6
Σθένελος	6
ἐνδίημι	6
ἔσπον_ἕπομαι_εἰσπίπτω_εἶπον_	6
λέγω2_λέγω3_λέγω1_λέγος_	6
σπουδάζω	6
φιλόσοφος	6
έχει	6
προέχω	6
σφός	6
ἀσύνετος	6
νόστος	6
δαίφρων	6
ἐντίθημι	6
σπένδω	6
Τιθωνός	6
καταιγίς	6
ἐπίτασις	6
Ἀριστοφάνειος	6
στυφελίζω	6
πυρή	6
Ηρακλέους	6
καρπός1_καρπός2_	6
ἔλλειψις	6
ἐπένθεσις	6
βέβαιος	6
μυρίος	6
αἰδέομαι	6
κραδίας_καρδία_	6
διά-ἐγείρω	6
παμφανόων	6
μακρός_μακράν_	6
παροξυτονητέον	6
ἕ_ἵημι_	6
διχάω_δίχα_	6
ἄκρατος	6
κορυφή	6
κρίσις	6
δωρεά	6
ἀίω1	6
ὁμοιόω	6
διογενής	6
Πελασγικός	6
ἐλπίς	6
μετεῖπον	6
καρτερός	6
ἐπιγιγνώσκω	6
πλευρά_πλευρόν_	6
νέω3_νέω_νέω2_νέω1_νάω_	6
τρόπος_τροπόω_	6
πήγνυμι	6
συμφωνέω	6
δηλοῦν	6
εἰμί_εἰ_εἶμι_	6
ἀνδρεῖος_ἀνδρεία_	6
ὄσσα	6
οἷκον	6
ἀπo	6
ἐκτός	6
χερείων	6
δηιόω_δάιος_	6
ἐμέω_ἐμός_	6
κεραυνός	6
ὄνειδος	6
παραπέμπω	6
καθάπτω	6
νέος_νέω3_νέω1_νέω2_νέω_	6
ἔχω_ἔχις_	6
στάζω_ἵστημι_	6
κατοικέω	6
παῦρος	6
εὐγένεια	6
περιίστημι	6
ἀποφέρω	6
πῆμα	6
εἰμί_ἔστε_	6
λιθόομαι_λίθος_λιθόω_	6
Καταλόγῳ	6
κόνις	6
ἀφεστήξω	6
διατίθημι	6
κατορθόω	6
ποιέω_ποιόω_	6
νοέω_νοόω_	6
ἀγάω_ἄγος_ἄγω_	6
ἰστέος_ἰστέον_	6
θαλάσσιος	6
μέλας_μέλαινα_	6
μέλαινα_μέλας_	6
κενός	6
ἑκτός	6
ἑτέρωσε	6
οἶδα_εἶμι_	6
Γάργαρον_Γάργαρος_	6
Κνωσσός	6
ἐπινοέω	6
ἴσος_οἶδα_	6
ἡδονή_ἡδονά_	6
πλήν	6
τανύω	6
διίστημι	6
κινδυνεύω	6
τούνεκα	6
βαστάζω	6
ἤ1_ἠέ1_	6
συναλείφω	6
ὁπλότερος	6
ἀργεστής	6
ἐφίημι	6
πολεμόω_πόλεμος_	6
μεγαλήτωρ	6
ὑπονοέω	6
δηθά	6
μνήμη	6
παιδία	6
ὁπλισμός	6
ἀναδέχομαι	6
ἴκελος	6
βροτός	6
ἔχω_χόω_	6
ἀδιανόητος	6
σχηματισμός	6
ἀβληχρός	6
θεά	6
διήγησις	6
ἀνατίθημι	6
εἰς_ἐν_εἰμί_	6
ἀλλότριος	6
θήν	6
πολεμίζω	6
χρεώ	6
ἀκούω_ἀκέω_ἀέκων_	6
ἀστραπή	6
ἱστέον	6
γλαφυρός	6
ἑν	6
ἕρκος	6
ὑπόθεσις	6
ἀνακλίνω	6
ἀνδρεῖος	6
διόπερ	6
κριός	6
ἀείρω	6
θαυμαστός	6
δυσκλεής	6
φάρμακος_φάρμακον_	6
ἀναλύω	6
νηλής_Νηλεύς_	6
περισσός_περισσῶς_	6
ναός_ναῦς_	6
υἱόω_υἱός_	6
Κλεοπάτρη	6
ἔξοχος	6
αἰφνίδιος	6
Προμηθεύς	6
σοφός	6
παραιτέομαι	6
προσέχω	6
κρατέω_Κράτης_	6
δάκτυλος	6
καίπερ	6
ων	6
χῶρος	6
κόλπος	6
χρυσόω_χρύσεος_	6
Πάμφιλος	6
ἄμετρος	6
δάιος	6
αύτως	6
δέω1_δεῖ_δέω2_	6
μηκέτι	6
εἰκών	6
κύων_κυνάω_	6
δι'ὃ	6
ἐπιτελέω	6
ἐφορεύω_πορεύω_	6
Ἀμμώνιος	6
σκόλοψ	6
προσέρχομαι	6
ἶδος_Ἴδης_ἴδη_Ἴδη_	6
Εὐφορίων	6
Μακεδονία_Μακεδ́νιος_	6
Τηλέμαχος	6
Δαιδαλου	6
παρολκή	6
συμβουλή	6
αὐτος	6
βρῶμα	6
παρακολουθέω	6
ἀετός	6
μήκων	6
ἀοριστόω_ἀόριστος_	6
ἀράζω_ἀρά_ἀρή_ἀείρω_	6
ἔκθλιψις	6
προπέμπω	6
σχέσις	6
ἡλιόω_ἥλιος_	6
προαίρεσις	6
θαρσέω_θάρσος_	6
Χρομίος	6
φροντίς	6
διέρχομαι	6
Κάλχας	6
Αγαμέμνονος	6
φοβερός	6
πάλλω_πάλα_πάλη_πάλαι_	6
συντελικός	6
κόρυς	6
ποῖος	6
ἀμφιβολία	6
Κουρῆτες	6
νάω	6
καθίστημι	6
τοξικός	6
φθονέω	6
καταβαίνω	6
ἐπαγγέλλω	6
λιθόω_λίθος_λιθόομαι_	6
οὕνεκα	6
ἐναλλαγή	6
ἐπέκτασις	6
συνδεσμος	6
ις	6
Β	6
ἐκπλήσσω	6
ἁπλόος_ἁπλόω_	6
καταχρηστικός	6
πᾶς_πάσσω_	6
κορέννυμι	6
ἀρετή_ἀρετάω_	6
ἔντιμος	6
χρεία_χρέος_	6
ὁριστικός	6
καθοπλίζω	6
καλέω_καλός_	6
ἡμίονος	6
ταῦρος	6
ἀρήγω	6
βηλός	6
ἱρός_ἱερός_	6
μειλίχιος	6
θεραπεύω	6
ἐρύκω	6
τέχνη	6
ἀποτίνω	6
περιπίπτω	6
ἐπορούω	6
χλωρός	6
Ὑάδες	6
οὔτις_οὔτε_οὔτι_	6
τάχος	6
ἐξηγέομαι	6
κρύπτω	6
ἐποτρύνω	6
Ἀργολικός	6
τλήμων	6
άγαν	6
νίφω	6
Φωκεύς_φωκεύς_	6
τειχέω_τεῖχος_	6
ον	6
μεσότης	6
ὑετός	6
ἐξαιρέω	6
Κρονίδης	6
προθυμία	6
συγκοιμάομαι	6
εὐήθης	6
μειόω	6
ἅλλομαι	6
ἐκεῖθι	6
κατόπιν	6
Ἀγαμεμνων	7
ὑπερασπίζω	7
λίς2	7
οἰκειόω_οἰκεῖος_	7
βία_βιάω_	7
Διόνυσος	7
ήλλακται	7
συμμαχέω	7
σμερδαλέος	7
συντήκω_σύνταξις_συντάσσω_	7
ἀκρόπολις	7
πόσις1_πόσις2_	7
λόχος	7
ὑπομένω	7
τεός	7
θρηνέω	7
λύπη_λυπέω_	7
Αχιλλέως	7
δίς	7
ἐγκέφαλος	7
χωρέω_χωρίον_	7
δημηγορέω	7
ἁρπάζω	7
προσδοτέον	7
ῥηματικός	7
ἀπόλυτος	7
Πριαμίδης	7
Μαχάων	7
μνηστήρ	7
παλίωξις	7
φείδομαι	7
γηθέω	7
ἐντολή	7
ἀγγέλλω	7
λαγχάνω_λάχη_	7
μαλακός	7
Ἑλληνων	7
αἰχμάλωτος	7
θέμα	7
ψιλός	7
κρήτη_Κρήτη_	7
Σελλήεις	7
καταπίπτω	7
λεπτός_λεπτόν_	7
Θῆβαι	7
μῆτις	7
οὐδός1	7
ἐτεός	7
ἄμαξα	7
ποθεν_πόθεν_πίνω_	7
κεφάλαιος	7
πορεία	7
παχύς	7
Φωκίς_φωκίς_	7
Λακεδαιμόνιος	7
νῆσος_νέω_νέω3_νέω2_	7
ὄπισθεν	7
Κύκλωψ	7
εἴδωλον	7
κομάω	7
ἀσφαλής	7
βύρσα	7
Εὐρύπυλος	7
ἄιδρις	7
ὑσμίνη	7
ἐπήν	7
ζάω	7
ἐπίθετον_ἐπίθετος_	7
ετέρου	7
δίδυμος	7
εἰσέρχομαι	7
Προῖτος	7
στίχος_στιχάομαι_	7
Ἀχιλλεως	7
οὐτάω	7
θυμόω	7
ῥέω	7
σάφα	7
κλαίω	7
ἄλλος_ἄλλου_	7
ἐντευθεν	7
ἐπιτέλλω	7
παννύχιος	7
Ἀθῆναι_Ἀθήνευς_	7
παρακελεύομαι	7
πρεπώδης	7
ὀπίζω_ἐφίζω_ὀπίσω_ἔπισος_πιπίσκω_	7
Μενοίτιος	7
κομάω_κόμη_	7
πανοπλία	7
ἀλέω	7
μεθίημι	7
ἐπικαλέω	7
πῆ_πη_	7
δράω	7
χωρέω	7
λευκός_λευκόν_	7
ὑπέρθεσις	7
διατρίβω	7
ἐλαφρός	7
λάμπω	7
Ἀπολλόδωρος	7
Αχιλλεὺς	7
μῆκος	7
Φιλοκτήτης	7
οἰάω_οἴομαι_	7
ἐν-ἀντιόομαι_ἐν_ἐν-ἐναντιόομαι_ἐν_	7
μαστός	7
τήκω_τάσσω_τάξις_	7
θαρσέω	7
Ἀρκαδία	7
περιγράφω	7
δηλοῦται	7
δέχομαι_δείκνυμι_	7
περιπαθής	7
πάντῃ	7
βιάζω	7
ὠς	7
Ξ	7
βοῦς_βάζω_	7
Τιτάν	7
ἕκηλος	7
Καλλίμαχος_καλλίμαχος_	7
τείρω	7
λούω	7
συσταλτέον	7
βλέπω	7
κλάζω	7
ἀρχαικός	7
καταπληκτικός	7
ῥυμός	7
ἀποδείκνυμι	7
πλόος	7
ἀριστόνικος_Ἀριστόνικος_	7
τοξότης	7
κατηγορέω	7
Μυκήνη	7
ἀργαλέος	7
ἀναιδής	7
καταλήγω	7
ἀδικέω	7
ἔπος_ἔπειμι2_	7
κρόκη	7
ἥλιος_ἡλιόω_	7
ἵζω	7
ἦχος	7
μάχαιρα	7
τύχη	7
ὁμοτονέω	7
ὠθέω	7
ὀπίσω_ὀπίζω_	7
κρεῖον_κρείων_	7
κατακτείνω	7
αὔριον	7
ἐπιπλέω	7
ἐκβάλλω	7
μητίετα	7
ζωός	7
παραφυλάσσω	7
δέπας	7
Γ	7
αἰγίς	7
ἑρμάζω_Ἑρμῆς_	7
ἀπέχω	7
μόνος_μόνως_μονόω_	7
γραφὴ	7
Τροία_τρέω_	7
σύ_σφεῖς_	7
ἐνδείκνυμι	7
Σοφοκλῆς	7
παρέζομαι_παρίημι_	7
επειδὴ	7
πυργόω_πύργος_	7
ἀλκή	7
ἄγω_ἄγνυμι_	7
ὕπαρχος_ὑπάρχω_	7
λίσσομαι_λίζω_	7
Ϊξίων	7
δεξιός	7
ἄητος_ἄημι_	7
Νηλεύς	7
δίωξις	7
ὅθι	7
ἀναφορικός	7
τῆν	7
στρατεύω	7
ἐπιχειρέω	7
δεσμός	7
φθάνω	7
μέση_μέσος_μέσης_	7
ἑτοῖμος	7
κοῦρος_κόρος2_	7
θεράπων	7
ἀνεψιός	7
ῥήγνυμι_ῥήσσω_	7
Αὐλίς	7
ἔγκυος	7
Δελφοί	7
σός_σέω_	7
αὖθι	7
Πάρις	7
ψάμαθος	7
Ξάνθος	7
συμμαχία	7
καρπός2_καρπός1_	7
σύγκειμαι	7
δόμος	7
δείλη	7
μαρτυρέω_μαρτύρομαι_	7
Ἐρευθαλίων	7
ὑψόσε	7
καθίζω	7
παρέπομαι	7
μελαίνω	7
εἰμί_εἶμι_	7
ἀμείβω	7
σάκος	7
δόρπον_δόρπος_	7
γραφή	7
φάσκω	7
ταχεῖς	7
ἐπιγράφω	7
Αἴγυπτος	7
Καλλίστρατος	7
μάρτυρος	7
βασιλειάω_βασίλεια_βασιλεία_βασίλειος_	7
οὗτος_ταύτῃ_	7
τελευτή_τελευτάω_	7
περισπάω_περισπωμένως_	7
στρατεία	7
λίς2_λίς1_	7
χείρ_χειρίς_	7
ἐπιστρατεύω	7
ψόγος	7
χρεία	7
ζ	7
κατανεύω	7
διάστασις	7
τρίβω	7
ἀμφίς	7
μνημονεύω	7
κρείσσων	7
βοῦς_βόα_βοάω_	7
κλῖμαξ	7
τοίνυν	7
μετόπισθε	7
άν	7
ἡρωικός	7
πρᾶος	7
ἐνδέχομαι	7
Δαναός	7
ἁμαρτάνω	7
ἰθύς1_εὐθύς1_	7
Πλειάδες	7
δακρύω	7
ναιετάω	7
Νιρεύς	7
πεῖσα_πείθω_	7
ῥαψῳδία	7
ὄψ	7
ἥσσων	7
ἄνωθεν	7
Ήρας	7
Ἄτλας	7
ἐρῶ_ἐρέω_	7
ό	7
χείρων	8
Ἀριστοτέλης	8
τουτο	8
δῶμα	8
αύτη	8
Φιλόξενος	8
Ἄρις_Ἄρευς_Ἄρης_	8
μέμαα	8
μαίνομαι	8
ἐξήγησις	8
ἐρωτάω	8
σπουδή_σπουδάζω_	8
φαντασία	8
πρώιος	8
ἔμπειρος	8
νέμω	8
τλάω	8
ὁδός1_ὁδός2_	8
νόμος	8
ἀντίκειμαι	8
νεφέλη	8
ἴδιος_ἰδίω_	8
τολμάω	8
ἑκατέρωθεν	8
Μίνως	8
ἱκάνω	8
ὕμνος	8
ἐτυμολογέω	8
ἐκλύω	8
ἀγάω_ἄγη_ἄγαν_	8
ἀμελέω	8
σπονδή	8
καπνός	8
τρίς	8
σύ_σφός_σφάζω_	8
ἐπιτίθημι	8
καταβάλλω	8
ναύσταθμον_ναύσταθμος_	8
φαῦλος	8
δαμάω_δαμάζω_	8
συνέρχομαι	8
πολεμέω_πολεμόω_	8
ἁπαλός	8
πεδίον_πεδάω_πέδιον_	8
ἒ	8
ἥμερος_ἡμέρα_	8
ἀχρεῖος	8
ὁμότονος	8
στερεός	8
σπουδάζω_σπουδή_	8
χειρίς_χείρ_	8
οἰνοχοέω	8
ὅρος	8
μεθίστημι	8
στράτευμα	8
Αρίσταρχος	8
ἶδος_ἴδιος_ἰδίω_ἰδέω_	8
κανών	8
Πλάτων	8
ἀφαίρεσις	8
θυμαρής	8
ἄλφα	8
χαρίζω_χαρίζομαι_	8
ὑποστέλλω	8
ἕνιοι	8
παρασκευάζω	8
ἔκδοσις	8
Λιβύη	8
μεταβαίνω	8
εὐκίνητος	8
τελαμών	8
καθέδρα	8
Ἡρῳδιανὸς	8
δηρός	8
χειμών	8
πλατύς	8
ὠκύς	8
γραμματικός	8
ἱππόδαμος	8
πιπίσκω_πίσον_πίσος_	8
ἐπίκειμαι	8
θρίξ	8
προσηνής	8
ὅλοξ_ὁλάω_ὅλος_	8
ἀρχός	8
῎	8
ἐκφεύγω	8
Ἀρηΐθοος_Ἀρηίθοος_	8
ξανθός	8
βρίθω	8
Εὔβοια	8
ἄκρος	8
χωλός	8
πρόμαχος	8
φάλος	8
δέω2_δέω1_δεῖ_	8
ἀντάω_ἀντίος_ἀντίον_	8
εἴκω	8
περιέχω	8
Μέγης	8
κάπρος	8
λοιπός_λοιπάς_	8
εἶδον_ἰδέω_	8
πόρθησις	8
μαντεύω_μαντεύομαι_	8
μίτρα	8
ἀναίρεσις	8
Αρισταρχου	8
πόόλις_πολύς_πόλις_	8
δίω_δίεμαι_	8
ἀγάλλω	8
ὀ	8
Αὐτομέδων	8
ναός	8
μυθέομαι_μυθέω_	8
ὡσεί	8
θαυμαστικός	8
παλάσσω	8
πέτρα	8
προενεκτέον	8
κατάσκοπος	8
φόως	8
χέω_ἔχω_ἔχις_χάω_	8
ὀργή_ὀργάω_ὀργάζω_	8
ὅσγε	8
νοόω_νοέω_	8
πύργος	8
ἀκριβής	8
Ἡράκλεα_Ἡρακλῆς_	8
τιμωρία	8
Σίσυφος	8
ὁρμή	8
διαβαίνω	8
ἀρέσκω	8
Ἀλκυόνη	8
αὔτως	8
ἐγκλιτέον	8
εὐχερής	8
ζήτημα	8
γλῶσσα	8
Ἀριστοφανης	8
ἀθρόος	8
δυνατός	8
ἁμάρτημα	8
πρόφρων	8
λάρναξ	8
ἐμός_ἐμέω_	8
Ζεύς_ζέω_	8
ἐπιτρέπω	8
Λαομέδων_λαομέδων_	8
ἴσος_ἰσόω_	8
Ἀθηνας	8
θωρήσσω	8
ἐμφατικός	8
νήδυμος	8
ἀποκοπή	8
ἄκων_ἀέκων_	8
μῦς	8
σέω_σής_σός_	8
ἐνεργητικός	8
κῦδος	8
πνοή	8
ἀπαιτέω	8
βάσις	8
ἄπρακτος	8
τροφέω_τρόφις_τροφή_τρέφω_	8
μεταβολή	8
ἕζομαι	8
τέρας	8
ἀλλάσσω	8
ὄμβρος_ὄμβρος_	8
λαός_λᾶας_	8
ἀπάνευθε	8
ἀπέρχομαι	8
μέρα_μέρος_	8
τύπτω	8
καταπίνω	8
ἄγαμαι_ἀγάζω_	8
ὁμωνύμιος_ὁμωνυμία_ὁμώνυμος_	8
ἀπατάω	8
νεμεσάω	8
Ἀθηναῖος	8
Οἰνόμαος	8
μέγας_μεγάλως_	8
νεῖκος_νει_	8
φιλότης	8
αιτίαν	8
ὄχος	8
Πειρίθοος	8
μῆρα	8
θυέστης_Θυέστης_	8
ἄντικρυς	8
φαεινός	8
ἐπισεύω	8
ἐκπέρθω	8
ἔται_ἔτι_ἔτης_	8
ἔξεστι	8
χρήσιμος	8
ὀπάζω	8
Ἄρευς_Ἄρεος_ἄρος_Ἄρις_Ἄρης_	8
ἑλένη_Ἑλένη_	8
ἐπιστρέφω	8
καταφέρω	9
θανατόω_θάνατος_	9
διαπορητικός	9
χειρόω_χείρ_	9
ὄφις	9
Αἴθρη_αἴθρη_	9
ὅς_ἵημι_	9
πλήθω_πλῆθος_	9
πιθανός_πιθανόω_	9
πύργος_πυργόω_	9
κώδεια	9
πολίτης	9
Ἰδομενεύς	9
δεῖ_δέω2_δέω1_δέον_	9
ἀκοντίζω	9
τιμάω_τιμέω_	9
τάγμα	9
Τελαμών	9
άρα	9
πεντήκοντα	9
δέω2_δέω1_	9
Ὀδύσσειος_Ὀδύσσεια_	9
ἄρκτος	9
προσλαμβάνω	9
κατασκευή	9
αναστρεπτέον	9
μηρός	9
Ἡρωδιανος	9
῾	9
σφόδρα	9
διόρθωσις	9
Ζεῦς	9
δάκρυον	9
μάρτυς	9
κατεπείγω	9
κόιλος_κοῖλος_	9
ἔνερθε	9
ψεύδω	9
κράτος	9
ὑπερβολή	9
Χῖος	9
πάσσω_πᾶς_	9
ὑμός_σύ_	9
ποικίλος	9
ἀκουστέον_ἀκουστέος_	9
βολή_βολέω_	9
λογισμός	9
Ἀλκμήνη	9
ἀρόω_ἄρον_αἴρω_ἄρα_	9
πῆχυς	9
χραύω_χράομαι_χράω1_χράω2_	9
μέμφομαι	9
Ἑλληνικός	9
βοή	9
Ἀντίλοχος	9
μεταγράφω	9
ης	9
ἀγκών	9
πάλλω	9
τροπή	9
τοξεύω	9
παραβάλλω	9
κιθάρα	9
ζῶμα	9
γραφεται	9
βαρέω	9
τριάξω_τριάζω_τρεῖς_τρίζω_	9
μι	9
κτίζω	9
τέμενος	9
θέμις	9
τράχηλος	9
Σιμόεις	9
προλαμβάνω	9
χρόνος_χρονόω_	9
γελάω	9
ῥητός	9
ἀντικρύ	9
μαντικός	9
φόνος	9
ἐνέργεια	9
σύντομος	9
κρόσσαι	9
αἴρω	9
μήτε	9
Μασσαλιωτικός	9
οὔπω	9
παράγωγον	9
τιμέω_τιμάω_	9
στρατός	9
θερμός	9
χιτών	9
αἴρω_ἀρόω_ἄρον_ἄρα_	9
λογάω_λόγος_	9
Σιδώνιος	9
Ἀττικός_Ἀττική_	9
Ῥῆσος	9
ἔγχος_ἐγχύνω_ἐγχέω_	9
τρισύλλαβος	9
μα	9
ἐκεῖσε	9
κατά-ἀστερίζω	9
ἐράομαι_ἐρέω_ἐρέομαι_	9
ὑγειῶς	9
ὑγρός	9
χρησμός	9
Κόρινθος	9
αὐτοτελής	9
σημειωτέος	9
ἐπίκουρος	9
ἀραρίσκω	9
διακρίνω	9
αὖθις	9
φυσικός	9
διάλυσις	9
ἴφθιμος	9
κτῆμα	9
ἀνυπόκριτος	9
αὐλή_αὐλέω_	9
Δαναός_Δαναοί_	9
παντελής	9
τροχός	9
ζώιον_ζῷον_	9
μείρομαι	9
ἀποβαίνω	9
καιρόω_καιρός_	9
αἰνός	9
Λακεδαίμων	9
παράθεσις	9
λέξις_λέγω2_λέγω1_λέγω3_	9
ὠτειλή	9
σύγκρισις	9
πνέω	9
ἄλλοτε	9
ἐνίοτε	9
ποτήριον	9
ταραχή	9
σημασία	9
ἄλογος	9
Τρώας	9
Πύλιοι_Πύλιος_	9
Αἰσχύλος	9
δόξα_δοκέω_	9
ῥάβδος	9
ἀντί-διαστέλλω	9
ολίγον	9
τοῦτέστιν	9
ποιητης	9
γράμμα	9
δίεμαι	9
ὁρμέω_ὁρμάω_	9
ὀνοματικός	9
διηνεκής	9
Βοιωτία_Βοιώτιος_	9
ἠμύω	9
σέω_σύ_σοῦ_σός_σεύω_	9
τελέω_τέλειος_	9
πέλαγος	9
Μοῦσαι_Μοῦσα_	9
Δωρικός	9
ἀφικνέομαι	9
ἀμφιβαίνω	9
ἐγώ_ἐμέω_	10
Φοῖνιξ	10
μῆλον2_μῆλον1_	10
ἀπολογέομαι	10
ἀποκόπτω	10
ἐκτίθημι	10
ἀρσενικός	10
Ζέφυρος	10
ταύτη	10
ἀποκρίνω	10
ἀρκέω	10
συγκόπτω	10
ἀγορεύω	10
ὀρθοτονητέον	10
χαλκοῦς_χάλκεος_	10
δαίς3	10
γνήσιος	10
Τάρταρος	10
Ἐπειοί_Ἐπειός_	10
ἀέκων	10
ἀναβαίνω	10
φανάω_φαίνω_	10
λάφυρα	10
ἀνατολή	10
πατρωνυμικός	10
νέος	10
ἐπείγω	10
πρεσβύτης	10
Βρισηΐς	10
Δημήτριος_Δημ́ητριος_	10
ὑπισχνέομαι	10
ἀρετή	10
Τεῦκρος	10
λόφος	10
ὀδών_ὀδούς_	10
παραιτητέος	10
μορέω_μόριον_μόριος_	10
λευκός	10
μένος	10
ἀριστεύς	10
φθέγγομαι	10
χρώς	10
ἐννέα	10
ὕπερθεν	10
βουλή_βουλεύς_	10
δαίτης_δαίς3_	10
πένθος	10
ἀναχωρέω	10
πολεμόω_πολεμέω_	10
Δόλοψ	10
βάρβαρος	10
ποιμήν	10
κοῖλος_κόιλος_	10
ἔπειμι2_ἔπειτα_	10
θεάω_θεός_	10
ἠύτε	10
παροίχομαι	10
μῆνις	10
νοητέον_νοητέος_	10
κλείς	10
κοσμέω	10
Λυκοῦργος	10
Ἀντίμαχος	10
προτρέπω	10
χρῆμα	10
ἔννοια	10
θαυμάζω	10
Αχαιῶν	10
αὐχήν	10
ὄμμα	10
ἐχθρός	10
ἄδηλος	10
όλον	10
ποῦ_πού_	10
Ἄρτεμις	10
λέγω1_λέγλέγω2_λέγω3_λέγω2_λέξις_γω3_	10
Πορφύριος	10
ξένος1_ξένος2_	10
ὑποχωρέω	10
κασίγνητος	10
μεταφορικός	10
φύω	10
διακόπτω	10
ἄλκιμος	10
εκείνου	10
κράς	10
μουσόω_μουσόομαι_Μοῦσα_Μοῦσαι_	10
Σκάμανδρος	10
σιωπάω	10
νευρή_νευρά_	10
κόρη	10
Ἑρμῆς	10
οὐδέπω	10
βάθος	10
ἀσθενής	10
πύθω_πυνθάνομαι_	10
πρᾶξις_πράσσω_	10
πλήρης_πληρόω_	10
αἰτέω_αἴτιος_	10
χράω2_χραύω_χράομαι_χράω1_	10
προσηγορικός	10
κρέας	10
οὐτάω_οὐτάζω_	10
Λυκία_Λύκιος_	10
μονόω_μόνος_	10
αλλ	10
πρεσβεύω	10
θάπτω	10
γεραιός	10
βωμός	10
μικρός_σμικρός_	10
εὐλαβέομαι	10
παρακαλέω	10
πᾶς_πᾶσις_	10
καθαίρω	10
ἐκδέχομαι_ἐκδείκνυμι_	10
παπταίνω	10
ἔμπροσθεν	10
δέρμα	10
ξενίζω	10
ἔκτασις	10
κρατερός	10
οὔτις_οὔτι_	10
ἐπιζητέω	10
ἀναγκάζω	10
πρό-ἀθετέω	10
τόφρα	10
κρᾶσις	10
στεφάνη	10
ἰσχύς	10
ἀπολύω	10
μετατίθημι	10
καθαρός	10
αἰπύς	10
φανερός	10
ἀγγελία	10
ἐκεῖνος_κενόω_	10
Ἡρακλῆς_Ἡρακλέος_	10
ἐντός	10
κἀν	10
βασίλειος_βασιλειάω_βασιλεία_	10
ὑβρίζω	10
τρέω	10
Χρύση_Χρύσης_	10
κίνημα	10
κοινός_κοινόω_	11
κλῆρος	11
προκρίνω	11
συμβάλλω	11
φάλαγξ	11
ἔραμαι	11
φανερός_φανερόω_	11
δόλων_Δόλων_	11
ἀκατάλληλος	11
Ἀρισταρχου	11
σπάνιος	11
τέρπω	11
πρέπων_πρέπω_	11
γενναῖος	11
πατρίς_πατήρ_	11
πεδίον_πέδιον_	11
ἐπιθυμέω	11
σύ_ὁ_τοι_	11
ποδώκης	11
μεσηγύ	11
κάθημαι	11
ὄμνυμι	11
δ’	11
ὁμοῖος_ὅμοιος_	11
Κοίρανος	11
θετέος	11
ὦδε	11
Θήβη	11
συμβουλεύω	11
ἁνδάνω	11
ὗς	11
ὀρέγω	11
ἕτερος_ἑτέρως_	11
ἁπλόω_ἁπλῶς_ἁπλός_	11
ἅπτω	11
θείνω	11
νέος_νεώτερος_	11
λοιμός	11
μετάληψις	11
παράλογος	11
προπάροιθε	11
φύσις	11
βαρβαρόω_βαρβαρόομαι_βάρβαρος_	11
λέχος	11
μέλας_μέλη_	11
δένδρον	11
ἀστήρ	11
ζῷον_ζώιον_	11
πευστικός	11
σχέτλιος	11
ὑπόκρισις_ὑποκρίζω_	11
δρῦς	11
κείρω_κάρα_	11
ἀποτελέω	11
ἀποβάλλω	11
χράομαι_χράω1_χράω2_χραύω_	11
Πυθώ	11
ἐκπίτνω	11
σός	11
κήρ	11
καρδία_καρδιάω_	11
γένος_γένεσις_	11
πέπων	11
Οἰνεύς	11
ἐγείρω	11
κλυτός	11
Κρόνος_κρόνος_	11
χείρας	11
Θησεύς	11
κτίδεος	11
κακάζω_κάκη_κακόω_κακός_	11
ὁμόω_ὅμως_	11
πρύμνα	11
ὀτρύνω	11
φονεύω	11
ήτοι	11
Ἡρωδιανός	11
ἧμαι	11
αἰσχρός	11
Νικάνωρ	11
μοῖρα	11
παρώνυμος	11
ἀδύνατος	11
σημαντικός	11
ἐξέρχομαι	11
ἐρῶ_εἰρέω_	11
πούς_ποδόω_	11
θύρα	11
Ἅιδης	11
μισέω	11
Ἴλι_Ἴλιοσλιος_Ἴλιον_Ἴλιος_	11
Αριστάρχου	11
διαλύω	11
λέγω1_λέγω2_ἔλεγος_λέγω3_	11
ἐλέγχω	11
ἀπολιμπάνω	11
ταὐτός	11
δύο_δύω2_	11
νέω_νέω2_νέω1_νέω3_νέος_	11
βαρυτονητέος	11
Εὐριπίδης_εὐριπίδης_	11
τραῦμα	11
δεῖπνον_δεῖπνος_	12
παρέξ	12
ἀφίημι	12
ποιόω_ποιός_ποιέω_πόα_	12
συνίστημι	12
δεῦρο	12
στενάχω	12
παρατίθημι	12
σύνθετος	12
Τρωικός	12
καλλίμαχος_Καλλίμαχος_	12
ἐμπίτνω	12
ζώω_ζάω_	12
ναίω2_ναίω1_	12
νήπιος	12
Ἑλλήσποντος	12
ἐξεναρίζω	12
ἔσχατος	12
εὔλογος	12
Μοῦσα_Μοῦσαι_	12
σφοδρός	12
πτῶσις_πτάζω_	12
θεῖος2_θέω_θεῖος1_	12
αὐτοῦ_αὐτός_	12
σωτηρία	12
τάλαντον	12
προθυμέομαι	12
τρέχω	12
συμφέρω	12
βιάω_βία_	12
ἦμαρ	12
ἀμύμων	12
κρόνος_Κρόνος_	12
τραχύς	12
Ἰλιάς	12
κέλομαι	12
ἐπιτυγχάνω	12
ὀξυτονέω	12
ἡδύς	12
κῆρ	12
χαρίζομαι_χαρίζω_	12
διασφάξ	12
δέμας	12
ἑκατόν	12
πρόσκειμαι	12
συγκριτικός	12
ψυχρός	12
θνητός	12
ἐγκλίνω	12
τονόω_τόνος_	12
τροφή	12
κίνησις	12
ἐάν_ἤν_	12
θάρσος	12
Φερεκύδης	12
λέγω1_λέγω3_λέγω2_λέγος_	12
οἶνος_οἶνον_	12
εὐνή	12
τέκνον	12
ῥέζω	12
συνετός	12
Λητώ	12
ἡλικία	12
χ	12
κοινόω_κοινός_	12
πειράω	12
ὑπερβατός_ὑπερβατόν_	13
γυνή_γυναικόω_	13
πρέσβυς	13
ἰδιότης	13
μάλη_μάλα_	13
ποιητός_ποιητής_	13
Δάρδανος	13
ἔγχος	13
κάλλος	13
ἀναγκαῖος	13
αὐτίκα	13
περιφραστικός	13
δώδεκα	13
πεπλος_πέπλος_	13
δειλός	13
στεῦμαι	13
θόρυβος	13
ἀείδω	13
Ἄρις_Ἄρης_Ἄρευς_	13
νύμφη	13
νόος_νέω1_νέω3_νέω_νέω2_	13
αὐξάνω	13
ὑπερέχω	13
μέγαρον	13
ζάω_ζέω_	13
Νικίας	13
μέλας	13
στάσις	13
ἀγανακτέω	13
ἔλπω	13
προεῖπον	13
Ἀθηνᾶς	13
ἀποστρέφω	13
πλέω	13
ἔμπεδος	13
μέγεθος	13
πυνθάνομαι	13
ἀριστεύω	13
Ἑλλάς	13
πόλις_πολύς_πόόλις_πολέω_	13
τοῖος	13
Θεσσαλίη_Θεσσαλία_	13
κύριος	13
Βοιωτός	13
οἶκος	13
νόθος	13
προίημι	13
Δαίδαλος	13
αἰχμητής	13
Πίνδαρος	13
διαιρέω	13
θύω2_θύω1_	13
παρίστημι_παριστάω_	13
ἄρσην	13
γῆρας	13
αἴ_εἰ_	13
αἴξ	13
χαίρω	13
ἀναλαμβάνω	13
ἀγείρω	13
ὁμολογέω	13
ἀναφέρω	13
παλαιός	13
μάχη_μάχομαι_	13
νεωστί	13
ἡγέομαι_ἁγέομαι_	13
θρέμμα	13
ἕξ	13
χράομαι_χράω1_χραύω_χράω2_	13
οἱονεί	13
ἀριστερός	13
Τυδεύς	13
νεικέω	13
κενόω_ἐκεῖνος_	13
διάλεκτος	13
ἄστρον	13
οἰκεῖος_οἰκέω_οἰκείω_	13
δίκη	13
ἀδελφή	13
εὐρύς	13
τηρέω	13
φωνέω	13
τελευτάω	14
ἐσθλός	14
ἀθάνατος	14
Ἴδη_ἰδέω_ἴδη_Ἴδης_	14
χρονικός	14
ἰάχω	14
οἰκέω	14
ἀποθνήσκω	14
ὦκα	14
βαρυτονέω	14
φθείρω	14
ἰσχυρός	14
φυλάσσω	14
ἀυτή	14
Ὠκεανός	14
ἐργάζομαι	14
ἄγγελος	14
πρός_ποτόν_ποτός_ποτή_ποτέ_	14
προέρχομαι	14
ὀφέλλω_ὀφείλω_	14
πληθύς	14
εὖτε	14
συλληπτικός	14
ἅλς	14
βῆ_βαίνω_	14
ἐπώχατο	14
πνεῦμα	14
Θερσίτης	14
ἄκαιρος	14
ὄνειρος	14
κομίζω	14
σέω_σύ_	14
ῥύομαι	14
κρίνω	14
φώς_φάος_	14
πάθη_πάθος_	14
ἔλαφος	14
χρυσός	14
σμικρός_μικρός_	14
ὁρίζω	14
βαθύς	14
ὑγιής	14
παράλληλος	14
συνεχής	14
διαφθείρω	14
διαλέγω	14
ἐάω	14
ἀρνός	14
μονοσύλλαβος	14
ἐνεργέω	14
Αἰολικός	14
ἐπιλέγω	14
τέμνω	14
πληρόω	14
εἰμί_ἔσσομαι_	14
ἡγεμών	14
κλίσις	14
χαλκός	14
χαρίεις	14
μετά-κεῖμαι	14
ἔπαινος	14
ἐπαινέω	14
βεβαιωτικός	14
προπαροξύτονος	14
θέω	14
δεόντως	15
φωνήεις	15
ἐπανάληψις	15
φέρτατος	15
Ἀφροδίτη	15
ἔργω1	15
κίνδυνος	15
λίθος	15
ἄνω1_ἄνευ_	15
μ	15
ἀναδίδωμι	15
θάλαμος	15
ἱκνέομαι	15
αὖτε	15
ἐγγύς	15
σῆμα	15
δράκων	15
ἀποφαίνω	15
νεκρός	15
θεάομαι_θεάω_	15
ἐφίστημι	15
διαίρεσις	15
κάν	15
ἀκέομαι_ἐκεῖ_ἀκέω_	15
διαφορά	15
κύκλος	15
φορέω	15
κόπτω	15
ἀναστρεπτέος	15
τοπικός	15
γ	15
καίτοι	15
εὐτελής	15
πυκνός	15
καθολικός	15
Δαναοί_Δαναός_	15
Ἀπολλώνιος	15
γράφουσι	15
εἴλω	15
ἔντεα	15
ὑποτάσσω	15
φράσις	15
εἰσάγω	15
πρόδηλος	15
διαλαμβάνω	15
Λῆμνος	15
χράω2_χράομαι_χρῆσις_	15
ὀφέλλω_ὀφειλέω_ὀφείλω_	15
Ἀτρεύς	15
Ἀθήνη_Ἀθῆναι_	15
οὔτως	15
μανθάνω	15
ἀχεύω	15
χρῆσις	15
πρόσθεν	15
κατόω_κάτος_κάτω_	15
Ἀθήνη_Ἀθηναῖος_	15
έτι	15
διπλός	15
ὑπακούω	15
λ	15
αμφοτέρων	15
ἄψ	15
ἀγών	15
κάμνω	15
εὐκτικός	16
οἰκεῖος	16
Κένταυρος	16
παρέρχομαι	16
χραύω_χράω1_χράω2_χράομαι_	16
Ϊακῶς	16
αὐτόθι	16
λαμβάνω_λάπτω_	16
τεύχω	16
ἀριθμός	16
οὐτάζω	16
προπερισπαστέον	16
ἐοικότως_εἰκότως_	16
ὀφείλω	16
ῥίπτω	16
ἡμέτερος	16
ξύλον	16
Αἰνείας	16
κατά-καθέζομαι_κατά-ἕζομαι_	16
φάος	16
αἰθήρ	16
Θρᾷξ	16
νῆσος	16
καλύπτω	16
μερίζω	16
ὄλλυμι	16
ἀνταπόδοσις	16
ὅτε	16
πέλω	16
ἐσθίω	16
ἀπρεπής	16
ἑός	16
πλέω_πλέος_πλπλείων_πλείων_	16
ἡνίοχος	16
ἱππεύς	16
στόμα	16
συλλαμβάνω	16
διάστημα	16
εἴπερ	16
ὀνειδίζω	16
π	16
φύσις_φύς_φύω_	16
ὧδε	17
λαγχάνω	17
βοόω_βοή_βόειος_βόα_βοάω_βοῦς_	17
τελευταῖος	17
ὀρθοτονέω	17
ἀποκτείνω	17
ἐπικρατέω	17
παραπλήσιος	17
φύσις_φύω_φυσάω_φύζω_	17
Πέλοψ	17
ἡμιστίχιον	17
Δίδυμος_δίδυμος_	17
αἰτέω	17
χόλος	17
Ἄρης_Ἄρις_	17
Μυρμιδών	17
ὑποστρέφω	17
ἑπτάς_ἑπτά_	17
περικεφάλαιος_περικεφαλαία_	17
σχεδόν	17
τιμή_τιμάω_τιμέω_	17
ἐμβάλλω	17
οἴκαδε	17
νάω_ἐγώ_νόος_	17
γέρας	17
οἴομαι	17
πράσσω	17
Τυδεΐδης	17
ἰσοδυναμέω	17
χαλεπός	17
ἄνεμος_ἀνεμόω_	17
Πηλεύς	17
ἠώς	17
ἐναντίος_ἐναντίον_	17
ἀνάγκη	17
πω	17
δείκνυμι_δέχομαι_	17
οὐρανός_οὐρανόω_	17
νεκρόω_νεκρός_	17
νέκυς	17
προσῳδία	18
παθητικός	18
ὁ_τίς_	18
συνάγω	18
ἔθνος	18
ὁμοῦ_ὁμόω_ὁμός_	18
πολέμιος	18
ὅμιλος	18
ἔοικα_εἰκός_	18
καταλαμβάνω	18
παρθένος	18
λίαν	18
ἐπάγω	18
μόνος_μονόω_	18
τεῦχος	18
Πάνδαρος	18
Πάτροκλος	18
παλαιόω_παλαιός_	18
ἀνάλογος	18
σύν-ἠθέω	18
ὀστέον	18
ἐπέρχομαι	18
γενεά	18
παραλείπω	18
μονογενής	18
ἁπλόος	18
ἥλιος	18
κλητικός	18
πέδιον_πεδίον_	18
πέντε	18
ὑψηλός	18
παραβολή	18
ἄτοπος	18
ἄξιος	18
ἀπίθανος	18
Αἶα_Αἴας_αἶα_	18
παρέχω	18
ἄναξ	18
κοιμάω	19
χαρακτήρ	19
πόνος	19
πίνω	19
ὄρνυμι	19
ἡγέομαι	19
ἀρσενικός_ἀρσενικόν_	19
ἀντιδιαστολή	19
προσαγορεύω	19
ἔξωθεν	19
φωνή_φωνέω_	19
πάομαι_πᾶς_	19
γράφουσιν	19
δηλονότι	19
ἐπιβαίνω	19
πολέω_πόλις_	19
θῆλυς	19
ψυχάζω_ψυχή_	19
φωνή	19
Διονύσιος	19
διὃ	19
ἐναλλάσσω	19
Ἀθηνᾶ	19
ἑκών	19
ἔγκειμαι	19
Ἡρακλῆς	19
φρονέω	19
συστολή	19
πατρίς	19
ἥτοι	19
ὑπόκειμαι	19
ψεῦδος	19
ἀγορά	19
τρία_τρεῖς_	19
Μελέαγρος	20
ταράσσω	20
σύνταξις	20
κατασκευάζω	20
πως	20
βοηθέω	20
ἠέ1_ἤ1_	20
κρατέω	20
δαμάζω	20
γραφής_γραφή_	20
Ἀριστάρχειος	20
πλανάω	20
βουλή	20
ἀλλαχοῦ	20
ἄλοχος	20
ὀξυτονητέον	20
τάξις	20
στρέφω	20
πόντος	20
πλεῖστος	20
ἀμύνω	20
ἀγαθός	20
ὑποτακτικός	20
συγχέω	20
δῆμος	20
ὅπου	20
ὄις	20
ἐμός_ἐγώ_ἐμέω_	20
ὀργίζω	20
τιμή	20
δεύτερος_δευτερόω_	21
λαμπρός	21
ὦμος	21
ὑγιόω_ὑγιής_	21
φυλάζω_φυλάσσω_	21
σπεύδω	21
στοιχεῖον	21
δασύς	21
διδάσκω	21
γόνυ	21
διαφέρω	21
μηδείς	21
πολεμέω	21
ι	21
βλάπτω	21
παράγω	21
ἄνεμος	21
ὀφθαλμός	21
βασιλεύω	21
ἄστυ	21
ἀνέχω	21
κέρας	21
β	21
καταλιμπάνω	21
πορεύω	22
τελέω	22
ἀόριστος	22
συγκοπή	22
ἐλαύνω	22
ἱερός	22
δοκέω	22
κέω_κεῖμαι_	22
μεταβάλλω	22
εἰμί_οὖσον_	22
εἰκάζω	22
ἥρως_ἥρως_	22
βαρύς	22
πάρειμι1	22
πλησίος_πίμπλημι_	22
ἀστερίσκος	22
Σαρπηδών	22
δείδω	22
γνώμη	22
συγκατατίθημι	22
ἐντελής	22
ὡς_ὅς_	22
Πελοπόννησος	22
γάμος	22
ὅλος_ὅλοξ_	22
ἰδέω_ἰδίω_ἴδιος_	22
ὑποτίθημι	23
δίφθογγος	23
ἔμφασις	23
μεταλαμβάνω	23
γραπτέος	23
μεταφέρω	23
λυπέω	23
ἄμφω	23
Ἑλένη_ἑλένη_	23
τουτέστι	23
κόσμος	23
κῦμα	23
ὑπολαμβάνω	23
ἠδέ	23
διάφορος	23
τόσος	23
ἕπομαι	23
πάθος	23
βουλεύω	23
σκῆπτρον	23
κυρέω_κύριος_	23
περισσεύω	23
παρατατικός	24
μηδέ	24
εἰμί_ἔρχομαι_ἔνθα_	24
ὄρος	24
ὀλίγος	24
ω	24
περίοδος	24
ἀίσσω	24
πλέως_πλείωνίων_πλείων_	24
μάντις	24
λανθάνω	24
νομίζω	24
γαῖα	24
συντίθημι	24
ὀρθός	24
καθά	24
ἀσύνδετος	24
ποτέ	24
ταχέως_ταχύς_	24
ἀνά-λάζω_ἀνά-λάω2_ἀνά-λάω1_	24
συμβαίνω	24
θεάω_θεός_θεάομαι_	24
γέλοιος	24
παραδίδωμι	24
μήν_μείς_μής_	25
δείκνυμι	25
Ὀδύσσεια_Ὀδύσσειος_	25
σημεῖον	25
πᾶσις_πᾶς_	25
πληγή	25
ἕνος_εἷς_	25
Ἄργος	25
συνήθης	25
ἐπίθετος_πείθω_ἐπιτίθημι_ἐπίθετον_	25
παράδοσις	25
ὑποστιγμή	25
ἀκόλουθος	25
δέος	25
ἅπαξ	25
ἀλέξιον_ἀλέξω_ἄλεξις_	25
σύμφωνος	25
ἐναντίος	25
ἔξω_ἔσσομαι_	25
ἔοικα	25
γαμέω	25
κλισία	25
κῆρυξ	25
φοβέω	26
ορος	26
ἐνίστημι	26
ψιλωτέον	26
φιλέω	26
μέρος_μέρα_	26
ὑποστίζω	26
αὗ_αὖ_	26
κτείνω	26
ταχύς	26
πλεονάζω	26
προσδίδωμι	26
ρ	26
καθόλου	26
ἀπαντάω	26
τοσοῦτος	26
ἵημι	26
μεταί_μεθό_μετά_	26
κελεύω	27
Φοῖνιξ_φοῖνιξ_	27
μεταφορά	27
ὀξύτονος	27
ποιητικός	27
ποιόω_ποιέω_	27
τάσις	27
χώρα	27
ἔργον	27
σχηματίζω	27
ἀνίστημι	27
πρᾶγμα	27
ἄριστος_ἄριστον_	27
υ	27
παῖς_πᾶς_	27
πάνυ	27
ἅπας	27
ἀξιόω	27
τέσσαρες	27
ναός_νηέω_ναῦς_	27
νέα_ναός_ναῦς_´ώ_νεάω_νεόω_νεώς_	27
ἄρθρον	27
ἀρχαῖος	27
πορθέω	27
ταχύς_τάχα_τάχος_	27
ἥρως	28
μίγνυμι	28
χρονόω_χρόνος_	28
Ἀτρείδης	28
μεταξύ	28
παρίστημι	28
δέχομαι	28
πολεμέω_πολέμιος_	28
δίφρος	28
πεδίον_πεδάω_	28
ἔργνυμι_ἔργον_	28
πολεμικός	28
συνήθεια	28
ἀληθής	28
δασυντέον	29
τρέπω	29
λέων	29
πότερος	29
ἕλκω	29
ἐπιθετικός	29
ἑταῖρος	29
ἀναγκαῖον_ἀναγκαῖος_	29
ψιλεύς_ψιλός_ψιλόω_	29
σύ_σός_	29
κύων	29
σώζω	29
χρύσεος	29
εἰμί_ὦ_	29
πάντως	29
κινέω	29
ἀρχήν_ἀρχή_	29
παύω	29
πλήσσω	30
τε_σύ_	30
Ἡσίοδος	30
φράζω	30
πλεονασμός	30
ἀναφορά	30
δύναμις	30
δῶρον	30
Ἀττικός	30
τιτρώσκω	30
᾿	30
ἐμός	30
νικάω	30
ἐρύω	30
πάσχω	30
ἀφαιρέω	30
οὐδέ_οὐδός1_οὐδός2_	30
ἐγώγε_ἐγώ_	30
δύω2	30
τρίτος_τριτάω_	30
μήποτε	30
εἷς_ὅς_	30
δεινός	30
Ἴλιον_Ἴλιος_Ἴλιοσλιος_Ἴλι_	30
αἰτία_αἴτιος_	30
ὅλοξ_ὅλος_	31
ἔνθεν_ἔρχομαι_	31
ἔπος	31
παρέλκω	31
ὀρθόω_ὀρθός_	31
ἄγε_ἄγω_	31
πλῆθος	31
ἄριστος	31
δισύλλαβος	31
λύω	31
χάρις	31
μάλιστα	31
χωρίζω	31
Ἀλέξανδρος_ἀλέξανδρος_	32
ἐμφαίνω	32
δῖος_Ζεύς_Δίον_	32
δαίμων	32
θώραξ	32
μάλα_μάλη_	32
ἡμέρα_ἥμερος_	32
ἀμφίβολος	32
νέφος	32
μῦθος	32
δῖος	32
τυγχάνω	32
ἐκεῖ	32
καίω	32
προστακτικός	32
εὔχομαι	32
γεννάω	32
ὑπόμνημα	32
πού	32
Τροία	32
ἀπαρέμφατος	33
πιθανός	33
τρίτος	33
θνήσκω	33
παρά-λήγω	33
μεταί_μετά_	33
Πτολεμαῖος	33
πολλάκις	33
εἰμί_ὄντα_	33
στῆθος	33
πόλεμος_πολεμόω_	33
ἀνά	33
λέγω3_λέγω1_λέγω2_	33
ς	34
ἐκδέχομαι	34
ἑκάτερος	34
κλίνω	34
καιρός	34
χρή	34
νόος	34
τίκτω	34
ἐάω_εἰμί_	34
ὁμώνυμος	34
πῦρ_πυρός_	34
κωλύω	34
Θέτις	34
βοῦς	34
ἐντεῦθεν	35
πρίν	35
ἔπειτα	35
τρέφω	35
ἤ1_ἤ2_	35
βαίνω	35
ἐκφέρω	35
ὅπως	35
λέγω1_λέγος_λέγω3_λέγω2_	35
βαρύτονος	35
σύνθετος_συντίθημι_	35
ἱστορέω	35
μακρός	35
Τυραννίων	35
Πάτροκλος_Πατρόκλον_	35
προπαροξύνω	35
ἀλλήλων	35
πλήρης	35
συστέλλω	35
πλείων	35
ἄνωγα	36
φρήν	36
ἀπόλλυμι	36
ὁπότε	36
τάφρος	36
παροξύνω	36
Πατρόκλον_Πάτροκλος_	36
Πρίαμος	36
πρόκειμαι	36
τόξον	36
εἶδος	36
ἴσος_ἰσόω_ἴσως_	36
συναλιφή	36
στιγμή	36
ἀποδίδωμι	37
ἐγκλιτικός	37
μιμνήσκω	37
ἀδελφός	37
ξίφος	37
δέω2_δέω1_ἔδω_ἐσθίω_	37
τρόπος	37
κατέχω	37
διάνοια	37
ἀγνοέω	37
εἶπος_εἶπον_	38
ψυχή	38
ἴδιος	38
ἅρμα	38
εἶδον	38
φυλάσσω_φυλάζω_	38
ὑπάρχω	38
μέχρι	38
εὖ	38
προερέω	38
ἴσος	38
διχῶς_διχόω_	38
ἐπίρρημα	38
μαχάω_μάχη_	39
πτῶσις	39
πεζός	39
ἑνικός	39
μάχη_μαχάω_	39
ἔθω	39
κυριόω_κύριος_κυρίως_	40
γέρων	40
λέγω1_λέγω2_λέγω3_	40
ἀήρ	40
μέτρον	40
ἀνήρ_ἀνδρόω_	40
προπερισπάω	40
ὅπλον	40
ὀνομάζω	40
Διομήδης	40
αἰτιατικός	40
λαός	40
παραγίγνομαι	40
ῥητέος	41
διαστολή	41
ὄφρα	41
οὐδέποτε	41
πέμπω	41
Ὄλυμπος	41
ἐκτείνω	41
Ὁμηρικός	41
εἰς_εἰμί_ἐν_	42
τέλειος	42
πῦρ	42
Αρισταρχος	42
πύλη	42
ἡμός_ἐγώ_	43
λέγω3_λέγω2_λέγος_λέγω1_	43
μετοχή	43
ἀναγνωστέον	43
Ἀχαιός	43
ἔθος	43
ἐπάνω	44
χάω_χόω_ἔχω_	44
μήτηρ	44
τρέω_τρεῖς_	44
περισπαστέον	44
ποτέ_ποτός_	44
πούς	44
προστίθημι	44
κακόω_κακός_	45
Ἥφαιστος	45
μέσος_μέσης_μεσόω_	45
Ὅμηρος_ὅμηρος_	45
κακός	45
ὅς_ᾗ_ἵημι_	45
προφέρω	45
ἱστορία	45
ἔτι	45
ἕ_ὅς_ὁ_	45
ἐλλείπω	45
ἁρμόζω	45
συντάσσω	46
φυγή	46
ὕδωρ	46
φόβος	46
ὑποστικτέον	46
θάνατος	46
οὐρανός	46
ἅμα	46
δοτικός	47
ὅταν	47
αἷμα	47
Γαῖα_γῆ_	48
ἀντωνυμία	48
ὅς_ὁ_ἕ_	48
οὐδέτερος	48
οὐκέτι	48
ἔνιοι	48
ἄγω	49
κεῖμαι	49
Ἀχαιός_ἀχαιά_	49
δοκεύς_δοκέω_	49
σύνθεσις	49
ἕνεκα	49
πίπτω	49
γοῦν	49
ὕστερον_ὕστερος_	49
ὅτι1_ὅτε_ὅστε_ὅτι2_ὅστις_	49
Ἀργεῖος	50
σημειόω	50
εὐθύς1_εὐθεῖα_	50
λέγω1_λέγω3_λέγω2_	50
ἄν1_ἀνά_ἐάν_ἄν2_	50
Ἀπόλλων	50
γιγνώσκω	51
ἐμός_ἐγώ_	51
ὅστις	51
βέλος	51
ὅμοιος_ὁμοῖος_	52
ὑφή_ὑπό_	52
ἦδος_ἤδη_	52
δυικός	52
στίχος_στείχω_	53
Μενέλαος	53
ζητέω	53
διαστέλλω	53
στίχος	53
ὁράω	53
σχῆμα	53
Ποσειδῶν	54
μένω	54
ἐνταῦθα	54
στίζω	54
πόλις_πόόλις_	55
σός_σύ_	55
σῶμα	55
πέρ	55
φίλος	56
Νέστωρ	56
ἀναιρέω	56
ἀνάγνωσις	56
γῆ_Γαῖα_	56
Ἥρα	56
τότε	57
συλλαβή	57
συναπτέον	57
διώκω	57
νεώτερος_νέος_	57
εἴτε	57
Αἴας	57
ἀμφί	58
μέσος	58
ἄρχω	58
εἶτα	59
οὗ_ἕ_ὅς_ἵημι_	59
πρότερος_πρῶτος_	60
δῆλος	60
νύξ	60
ἄνω2_ἄνοος_ἄνω1_	60
παράκειμαι	60
οἶος	60
ἀναστρέφω	61
ἄνθρωπος	62
ἔρομαι_εἴρω2_ἐρῶ_εἴρω_	62
ἕκτωρ_Ἕκτωρ_	62
ἔνθα	62
μιν	62
ἀεί	63
χράω2	63
φαίνω	63
χρόνος	64
γένος	64
αἱρέω	64
ὅθεν	64
σαφής	64
ὅς_ὡς_	64
ἕκαστος	64
κεφαλή	64
ἀμείνων	64
ἀσπίς	64
θηλυκός	65
γυνή	65
θάλασσα	65
Ἕκτωρ_ἕκτωρ_	65
οὐδός2_οὐδός1_οὐδέ_	66
τάσσω	67
εἷς_ἵημι_	67
περισσός	67
νοέω	68
ἀρχή	68
κεῖμαι_κέω_	68
δηλόω	69
λογόω_λόγος_	69
ἐν	69
πρόσωπον	70
ὅδε	70
πείθω	70
θυγάτηρ	71
εἶμι	71
ἤν_ἐάν_	72
στείχω_στίχος_	72
γενικός	73
ποταμός	73
παραλαμβάνω	74
χείρ	74
πληθυντικός	75

θυμός	75
καλός	75
ἄλλως_ἄλλος_	76
τῆ	76
πατήρ	76
βελτίων	76
Ἀσκαλωνίτης	76
μάχομαι	76
Ζηνοδοτος	78
διό	78
λείπω	78
Ἀγαμέμνων	78
ἐνθάδε	78
βασιλεύς	79
ψιλόω	79
μέλλω	80
λήγω	80
ἐάν	80
θεά_θέα_θεάω_	81
πόλις	81
κοινός	81
ἀτάρ	82
ποιητής_ποιητός_	83
παρά	83
σφεῖς	83
ὅσπερ	84
ὑπέρ	84
δασύνω	84
Ἕλλην	85
οὔτε	85
ἀκούω	86
λέξις	86
τεῖχος	86
συνάπτω	86
Ἀρισταρχος	87
εὑρίσκω	88
ἀμφότερος	88
δεύτερος	89
βούλομαι	89
ἄρος_ἀρά_ἄρον_ἀρή_ἄρα_	89
δόρυ	89
ἕως_ἠώς_	91
περισπάω	91
στικτέον	92
ὀξύς2	92
Ὀδυσσεύς	94
ἐρῶ	94
μέρος	94
ἐκεῖνος	95
ῥῆμα	95
ποιητής	96
ὅμηρος_Ὅμηρος_	97
τόνος	98
φεύγω	98
μᾶλλον	99
βαρύνω	99
ἐπιφέρω	99
χωρίς	100
υἱός	101
οὐδείς	101
πόλεμος	101
ἔρχομαι	101
ν	102
ὅσος	103
πως_πῶς2_πῶς_	104
δέομαι_δέω2_δέω1_	104
διπλόος	105
ὥστε	106
εἷς	108
τίθημι	109
λέγω3_λέγω2_λέγω1_	109
τοι_σύ_	110
τῷ_ὁ_	110
φέρω	111
ὥσπερ	113
ἐθέλω	113
ἵστημι	114
ἠμί_ἦ_εἰμί_	115
σύνδεσμος	116
οἶδα	116
παῖς	116
ὀξύνω	117
πάλιν	119
βάλλω	119
πρόθεσις	120
Ἀριστοφάνης	121
ἀναγιγνώσκω	121
πρότερος	121
ϊ	123
οἷος	124
λέγω2_λέγω1_λέγω3_	125
ἄρα	126
ὄνομα	128
ἤτοι	128
Ἀχιλλεύς	130
ἀρίσταρχος_Ἀρίσταρχος_	133
ὅστε_ὅτε_	133
α	134
ναῦς	134
ἀνήρ	136
ὅμοιος_ὁμοῖος_ὁμοιόω_	136
καθά_καθό_κατά_	140
δίδωμι	141
ἵππος	143
τόπος	146
τέλος	147
μόνος	147
εἰμί_ἠμί_	148
πρῶτος_πρότερος_	148
σύν	148
μέντοι	149
λαμβάνω	156
πρό	156
αὐτός_αὐτοῦ_	158
χέω_ἔχω_χάω_ἔχις_	158
ἀθετέω	161
διασταλτέον	165
σημαίνω	168
βραχύς	169
παρά_πηρός_	169
γε	172
δή	177
θεός	184
οὐδός1_οὐδός2_οὐδέ_	184
μέγας	184
σύ	190
ἑαυτοῦ	192
ἕτερος	195
Τρώς	200
ποιέω	201
εἶπον	203
τις_τίς_	205
δύο	206
καλέω	211
δύναμαι	212
διό_διά_	212
τοιοῦτος	216
γράφος_γράφω_	221
ὁ_ὅς_	221
ἄν1	237
ἕ	239
ὅς_ὁ_	253
Ζεύς	255
λόγος	261
ἐάν_ἀνά_ἄν1_ἄν2_	275
σύ_τε_	285
μετά	286
πολύς	289
γράφω	290
ἑξῆς_ἔχω_	309
πᾶς	320
⁚	323
ἐπεί	331
ἵνα	353
Ζηνόδοτος	362
οὖν	368
ἔχω	376
λέγω2_λέγω3_λέγω1_	393
ἐγώ	401
Ἀρίσταρχος_ἀρίσταρχος_	407
ὑπό	407
νῦν	412
ἄλλος	448
περί	460
τῇ_ὁ_	466
πηρός_παρά_	479
μή	479
τε	485
ὅς	490
εἰ	502
γίγνομαι	542
ἤ2_ἤ1_	596
ἀλλά	613
φημί	659
ἐκ	696
ἀντί	771
πρός	779
τις	817
εἰς	823
ἀπό	859
ἕ_ὁ_	869
τίς_ὁ_	886
οὕτως	905
μέν	915
κατά	922
οὗτος	980
τῷ_ὁ_τίς_τις_	985
διά	1032
αὐτός	1292
ἐπί	1451
ὡς	1464
ἐν_εἰς_	1482
οὐ	1572
εἰμί	2118
γάρ	2184
ὅτι2_ὅτι1_ὅστις_	2499
τις_ὁ_τίς_	2982
καί	5608
δέ	5680
ὁ	14939
