urn:cts:greekLit:tlg0012.tlg001.msA:17.213-17.214	urn:cts:greekLit:tlg5026.msA.hmt:17.91,urn:cts:greekLit:tlg5026.msAint.hmt:17.24
urn:cts:greekLit:tlg0012.tlg001.msA:18.142	urn:cts:greekLit:tlg5026.msA.hmt:18.57,urn:cts:greekLit:tlg5026.msAim.hmt:18.19
urn:cts:greekLit:tlg0012.tlg001.msA:15.231	urn:cts:greekLit:tlg5026.msA.hmt:15.75,urn:cts:greekLit:tlg5026.msAim.hmt:15.34
urn:cts:greekLit:tlg0012.tlg001.msA:6.226	urn:cts:greekLit:tlg5026.msA.hmt:6.76,urn:cts:greekLit:tlg5026.msAim.hmt:6.233,urn:cts:greekLit:tlg5026.msAint.hmt:6.179
urn:cts:greekLit:tlg0012.tlg001.msA:1.302	urn:cts:greekLit:tlg5026.msA.hmt:1.862,urn:cts:greekLit:tlg5026.msAint.hmt:1.877
urn:cts:greekLit:tlg0012.tlg001.msA:10.545	urn:cts:greekLit:tlg5026.msA.hmt:10.4634,urn:cts:greekLit:tlg5026.msA.hmt:10.4635,urn:cts:greekLit:tlg5026.msAim.hmt:10.4643
urn:cts:greekLit:tlg0012.tlg001.msA:8.313	urn:cts:greekLit:tlg5026.msAim.hmt:8.216,urn:cts:greekLit:tlg5026.msAint.hmt:8.219
urn:cts:greekLit:tlg0012.tlg001.msA:11.801	urn:cts:greekLit:tlg5026.msA.hmt:11.294,urn:cts:greekLit:tlg5026.msAim.hmt:11.93
urn:cts:greekLit:tlg0012.tlg001.msA:1.299	urn:cts:greekLit:tlg5026.msA.hmt:1.802,urn:cts:greekLit:tlg5026.msA.hmt:1.803,urn:cts:greekLit:tlg5026.msAint.hmt:1.810
urn:cts:greekLit:tlg0012.tlg001.msA:4.109	urn:cts:greekLit:tlg5026.msA.hmt:4.185,urn:cts:greekLit:tlg5026.msA.hmt:4.186,urn:cts:greekLit:tlg5026.msA.hmt:4.801,urn:cts:greekLit:tlg5026.msAint.hmt:4.187
urn:cts:greekLit:tlg0012.tlg001.msA:2.474	urn:cts:greekLit:tlg5026.msA.hmt:2.572,urn:cts:greekLit:tlg5026.msA.hmt:2.573,urn:cts:greekLit:tlg5026.msAint.hmt:2.582
urn:cts:greekLit:tlg0012.tlg001.msA:17.161	urn:cts:greekLit:tlg5026.msAim.hmt:17.19,urn:cts:greekLit:tlg5026.msAint.hmt:17.19
urn:cts:greekLit:tlg0012.tlg001.msA:12.153	urn:cts:greekLit:tlg5026.msA.hmt:12.E10,urn:cts:greekLit:tlg5026.msAim.hmt:12.E3
urn:cts:greekLit:tlg0012.tlg001.msA:17.163	urn:cts:greekLit:tlg5026.msA.hmt:17.67,urn:cts:greekLit:tlg5026.msAim.hmt:17.20
urn:cts:greekLit:tlg0012.tlg001.msA:15.634	urn:cts:greekLit:tlg5026.msA.hmt:15.171,urn:cts:greekLit:tlg5026.msAint.hmt:15.47
urn:cts:greekLit:tlg0012.tlg001.msA:14.235	urn:cts:greekLit:tlg5026.msA.hmt:14.C21,urn:cts:greekLit:tlg5026.msAint.hmt:14.C8
urn:cts:greekLit:tlg0012.tlg001.msA:10.252	urn:cts:greekLit:tlg5026.msA.hmt:10.2500,urn:cts:greekLit:tlg5026.msA.hmt:10.2501,urn:cts:greekLit:tlg5026.msAim.hmt:10.2519
urn:cts:greekLit:tlg0012.tlg001.msA:7.393	urn:cts:greekLit:tlg5026.msA.hmt:7.3001,urn:cts:greekLit:tlg5026.msAim.hmt:7.3002
urn:cts:greekLit:tlg0012.tlg001.msA:18.34	urn:cts:greekLit:tlg5026.msA.hmt:18.19,urn:cts:greekLit:tlg5026.msAim.hmt:18.4
urn:cts:greekLit:tlg0012.tlg001.msA:18.458	urn:cts:greekLit:tlg5026.msA.hmt:18.153,urn:cts:greekLit:tlg5026.msAint.hmt:18.35
urn:cts:greekLit:tlg0012.tlg001.msA:6.68	urn:cts:greekLit:tlg5026.msAim.hmt:6.217,urn:cts:greekLit:tlg5026.msAint.hmt:6.166
urn:cts:greekLit:tlg0012.tlg001.msA:8.488	urn:cts:greekLit:tlg5026.msA.hmt:8.309,urn:cts:greekLit:tlg5026.msAint.hmt:8.318
urn:cts:greekLit:tlg0012.tlg001.msA:11.689	urn:cts:greekLit:tlg5026.msAim.hmt:11.83,urn:cts:greekLit:tlg5026.msAint.hmt:11.42
urn:cts:greekLit:tlg0012.tlg001.msA:14.349	urn:cts:greekLit:tlg5026.msA.hmt:14.A5,urn:cts:greekLit:tlg5026.msAint.hmt:14.A1
urn:cts:greekLit:tlg0012.tlg001.msA:15.18	urn:cts:greekLit:tlg5026.msA.hmt:15.16,urn:cts:greekLit:tlg5026.msAint.hmt:15.3
urn:cts:greekLit:tlg0012.tlg001.msA:14.295	urn:cts:greekLit:tlg5026.msA.hmt:14.H17,urn:cts:greekLit:tlg5026.msAim.hmt:14.H4,urn:cts:greekLit:tlg5026.msAint.hmt:14.H2
urn:cts:greekLit:tlg0012.tlg001.msA:8.164-8.166	urn:cts:greekLit:tlg5026.msA.hmt:8.122,urn:cts:greekLit:tlg5026.msAim.hmt:8.9002
urn:cts:greekLit:tlg0012.tlg001.msA:14.412	urn:cts:greekLit:tlg5026.msA.hmt:14.D10,urn:cts:greekLit:tlg5026.msAim.hmt:14.D3
urn:cts:greekLit:tlg0012.tlg001.msA:3.352	urn:cts:greekLit:tlg5026.msA.hmt:3.509,urn:cts:greekLit:tlg5026.msAim.hmt:3.755
urn:cts:greekLit:tlg0012.tlg001.msA:7.12	urn:cts:greekLit:tlg5026.msA.hmt:7.8,urn:cts:greekLit:tlg5026.msAim.hmt:7.13,urn:cts:greekLit:tlg5026.msAint.hmt:7.18
urn:cts:greekLit:tlg0012.tlg001.msA:10.528	urn:cts:greekLit:tlg5026.msA.hmt:10.4632,urn:cts:greekLit:tlg5026.msAim.hmt:10.4637
urn:cts:greekLit:tlg0012.tlg001.msA:2.217	urn:cts:greekLit:tlg5026.msA.hmt:2.374,urn:cts:greekLit:tlg5026.msAim.hmt:2.390,urn:cts:greekLit:tlg5026.msAint.hmt:2.394
urn:cts:greekLit:tlg0012.tlg001.msA:11.257	urn:cts:greekLit:tlg5026.msA.hmt:11.110,urn:cts:greekLit:tlg5026.msAint.hmt:11.10
urn:cts:greekLit:tlg0012.tlg001.msA:15.307	urn:cts:greekLit:tlg5026.msA.hmt:15.90,urn:cts:greekLit:tlg5026.msAim.hmt:15.43
urn:cts:greekLit:tlg0012.tlg001.msA:3.103	urn:cts:greekLit:tlg5026.msA.hmt:3.171,urn:cts:greekLit:tlg5026.msAim.hmt:3.693
urn:cts:greekLit:tlg0012.tlg001.msA:6.319	urn:cts:greekLit:tlg5026.msA.hmt:6.102,urn:cts:greekLit:tlg5026.msAim.hmt:6.251
urn:cts:greekLit:tlg0012.tlg001.msA:19.108	urn:cts:greekLit:tlg5026.msA.hmt:19.2015office10_2,urn:cts:greekLit:tlg5026.msAim.hmt:19.2015office10_3
urn:cts:greekLit:tlg0012.tlg001.msA:8.109	urn:cts:greekLit:tlg5026.msA.hmt:8.88,urn:cts:greekLit:tlg5026.msAim.hmt:8.91
urn:cts:greekLit:tlg0012.tlg001.msA:1.584	urn:cts:greekLit:tlg5026.msA.hmt:1.1440,urn:cts:greekLit:tlg5026.msAim.hmt:1.1452
urn:cts:greekLit:tlg0012.tlg001.msA:9.455	urn:cts:greekLit:tlg5026.msAim.hmt:9.421,urn:cts:greekLit:tlg5026.msAint.hmt:9.426
urn:cts:greekLit:tlg0012.tlg001.msA:2.207	urn:cts:greekLit:tlg5026.msA.hmt:2.325,urn:cts:greekLit:tlg5026.msAim.hmt:2.330,urn:cts:greekLit:tlg5026.msAint.hmt:2.337
urn:cts:greekLit:tlg0012.tlg001.msA:10.41	urn:cts:greekLit:tlg5026.msAim.hmt:10.49,urn:cts:greekLit:tlg5026.msAim.hmt:10.52,urn:cts:greekLit:tlg5026.msAint.hmt:10.55
urn:cts:greekLit:tlg0012.tlg001.msA:18.519	urn:cts:greekLit:tlg5026.msA.hmt:18.188,urn:cts:greekLit:tlg5026.msAint.hmt:18.45
urn:cts:greekLit:tlg0012.tlg001.msA:17.174	urn:cts:greekLit:tlg5026.msA.hmt:17.73,urn:cts:greekLit:tlg5026.msAim.hmt:17.22
urn:cts:greekLit:tlg0012.tlg001.msA:9.516	urn:cts:greekLit:tlg5026.msA.hmt:9.493,urn:cts:greekLit:tlg5026.msAint.hmt:9.509
urn:cts:greekLit:tlg0012.tlg001.msA:14.229	urn:cts:greekLit:tlg5026.msA.hmt:14.C19,urn:cts:greekLit:tlg5026.msAint.hmt:14.C7
urn:cts:greekLit:tlg0012.tlg001.msA:19.10	urn:cts:greekLit:tlg5026.msA.hmt:19.2015office3_4,urn:cts:greekLit:tlg5026.msAim.hmt:19.2015office3_2
urn:cts:greekLit:tlg0012.tlg001.msA:15.214	urn:cts:greekLit:tlg5026.msA.hmt:15.70,urn:cts:greekLit:tlg5026.msAint.hmt:15.22
urn:cts:greekLit:tlg0012.tlg001.msA:11.439	urn:cts:greekLit:tlg5026.msA.hmt:11.168,urn:cts:greekLit:tlg5026.msAint.hmt:11.19
urn:cts:greekLit:tlg0012.tlg001.msA:1.364	urn:cts:greekLit:tlg5026.msA.hmt:1.993,urn:cts:greekLit:tlg5026.msAint.hmt:1.1003
urn:cts:greekLit:tlg0012.tlg001.msA:8.189	urn:cts:greekLit:tlg5026.msA.hmt:8.138,urn:cts:greekLit:tlg5026.msAint.hmt:8.143
urn:cts:greekLit:tlg0012.tlg001.msA:1.85	urn:cts:greekLit:tlg5026.msA.hmt:1.96,urn:cts:greekLit:tlg5026.msA.hmt:1.97,urn:cts:greekLit:tlg5026.msAim.hmt:1.111
urn:cts:greekLit:tlg0012.tlg001.msA:1.171	urn:cts:greekLit:tlg5026.msA.hmt:1.488,urn:cts:greekLit:tlg5026.msAint.hmt:1.505
urn:cts:greekLit:tlg0012.tlg001.msA:9.153	urn:cts:greekLit:tlg5026.msA.hmt:9.164,urn:cts:greekLit:tlg5026.msAim.hmt:9.171
urn:cts:greekLit:tlg0012.tlg001.msA:11.24	urn:cts:greekLit:tlg5026.msA.hmt:11.10,urn:cts:greekLit:tlg5026.msAim.hmt:11.2
urn:cts:greekLit:tlg0012.tlg001.msA:15.645	urn:cts:greekLit:tlg5026.msA.hmt:15.174,urn:cts:greekLit:tlg5026.msAim.hmt:15.69
urn:cts:greekLit:tlg0012.tlg001.msA:15.394	urn:cts:greekLit:tlg5026.msA.hmt:15.113,urn:cts:greekLit:tlg5026.msAim.hmt:15.48
urn:cts:greekLit:tlg0012.tlg001.msA:3.22	urn:cts:greekLit:tlg5026.msA.hmt:3.672,urn:cts:greekLit:tlg5026.msAint.hmt:3.49
urn:cts:greekLit:tlg0012.tlg001.msA:9.409	urn:cts:greekLit:tlg5026.msA.hmt:9.389,urn:cts:greekLit:tlg5026.msAim.hmt:9.394
urn:cts:greekLit:tlg0012.tlg001.msA:2.167	urn:cts:greekLit:tlg5026.msAim.hmt:2.280,urn:cts:greekLit:tlg5026.msAint.hmt:2.287
urn:cts:greekLit:tlg0012.tlg001.msA:5.118	urn:cts:greekLit:tlg5026.msA.hmt:5.1034,urn:cts:greekLit:tlg5026.msAim.hmt:5.6035
urn:cts:greekLit:tlg0012.tlg001.msA:2.175	urn:cts:greekLit:tlg5026.msA.hmt:2.275,urn:cts:greekLit:tlg5026.msAint.hmt:2.289
urn:cts:greekLit:tlg0012.tlg001.msA:8.150	urn:cts:greekLit:tlg5026.msA.hmt:8.117,urn:cts:greekLit:tlg5026.msA.hmt:8.118,urn:cts:greekLit:tlg5026.msAint.hmt:8.127
urn:cts:greekLit:tlg0012.tlg001.msA:6.248	urn:cts:greekLit:tlg5026.msA.hmt:6.88,urn:cts:greekLit:tlg5026.msAim.hmt:6.236,urn:cts:greekLit:tlg5026.msAim.hmt:6.237,urn:cts:greekLit:tlg5026.msAint.hmt:6.181
urn:cts:greekLit:tlg0012.tlg001.msA:5.661	urn:cts:greekLit:tlg5026.msA.hmt:5.4002,urn:cts:greekLit:tlg5026.msAim.hmt:5.4042
urn:cts:greekLit:tlg0012.tlg001.msA:18.40	urn:cts:greekLit:tlg5026.msA.hmt:18.23,urn:cts:greekLit:tlg5026.msAim.hmt:18.5
urn:cts:greekLit:tlg0012.tlg001.msA:12.276	urn:cts:greekLit:tlg5026.msA.hmt:12.H26,urn:cts:greekLit:tlg5026.msA.hmt:12.H27,urn:cts:greekLit:tlg5026.msAim.hmt:12.H9
urn:cts:greekLit:tlg0012.tlg001.msA:1.353	urn:cts:greekLit:tlg5026.msA.hmt:1.988,urn:cts:greekLit:tlg5026.msAim.hmt:1.999
urn:cts:greekLit:tlg0012.tlg001.msA:6.510-511	urn:cts:greekLit:tlg5026.msAim.hmt:6.277,urn:cts:greekLit:tlg5026.msAint.hmt:6.205
urn:cts:greekLit:tlg0012.tlg001.msA:18.589	urn:cts:greekLit:tlg5026.msA.hmt:18.207,urn:cts:greekLit:tlg5026.msAim.hmt:18.69
urn:cts:greekLit:tlg0012.tlg001.msA:4.457	urn:cts:greekLit:tlg5026.msA.hmt:4.687,urn:cts:greekLit:tlg5026.msAim.hmt:4.874
urn:cts:greekLit:tlg0012.tlg001.msA:11.128	urn:cts:greekLit:tlg5026.msA.hmt:11.63,urn:cts:greekLit:tlg5026.msAim.hmt:11.16
urn:cts:greekLit:tlg0012.tlg001.msA:19.384	urn:cts:greekLit:tlg5026.msA.hmt:19.hc_10,urn:cts:greekLit:tlg5026.msAim.hmt:19.hc_5
urn:cts:greekLit:tlg0012.tlg001.msA:4.394	urn:cts:greekLit:tlg5026.msA.hmt:4.603,urn:cts:greekLit:tlg5026.msAint.hmt:4.602
urn:cts:greekLit:tlg0012.tlg001.msA:9.222	urn:cts:greekLit:tlg5026.msA.hmt:9.250,urn:cts:greekLit:tlg5026.msA.hmt:9.251,urn:cts:greekLit:tlg5026.msAim.hmt:9.259
urn:cts:greekLit:tlg0012.tlg001.msA:6.367	urn:cts:greekLit:tlg5026.msA.hmt:6.114,urn:cts:greekLit:tlg5026.msAim.hmt:6.257
urn:cts:greekLit:tlg0012.tlg001.msA:15.571	urn:cts:greekLit:tlg5026.msAim.hmt:15.65,urn:cts:greekLit:tlg5026.msAint.hmt:15.42
urn:cts:greekLit:tlg0012.tlg001.msA:8.23	urn:cts:greekLit:tlg5026.msA.hmt:8.19,urn:cts:greekLit:tlg5026.msAim.hmt:8.27,urn:cts:greekLit:tlg5026.msAint.hmt:8.33
urn:cts:greekLit:tlg0012.tlg001.msA:18.501	urn:cts:greekLit:tlg5026.msA.hmt:18.177,urn:cts:greekLit:tlg5026.msAint.hmt:18.41
urn:cts:greekLit:tlg0012.tlg001.msA:1.228	urn:cts:greekLit:tlg5026.msA.hmt:1.654,urn:cts:greekLit:tlg5026.msAint.hmt:1.672
urn:cts:greekLit:tlg0012.tlg001.msA:1.41	urn:cts:greekLit:tlg5026.msAim.hmt:1.51,urn:cts:greekLit:tlg5026.msAint.hmt:1.57
urn:cts:greekLit:tlg0012.tlg001.msA:14.145	urn:cts:greekLit:tlg5026.msA.hmt:14.G7,urn:cts:greekLit:tlg5026.msAim.hmt:14.G1
urn:cts:greekLit:tlg0012.tlg001.msA:4.141	urn:cts:greekLit:tlg5026.msA.hmt:4.241,urn:cts:greekLit:tlg5026.msAint.hmt:4.242
urn:cts:greekLit:tlg0012.tlg001.msA:18.499	urn:cts:greekLit:tlg5026.msAim.hmt:18.54,urn:cts:greekLit:tlg5026.msAint.hmt:18.57
urn:cts:greekLit:tlg0012.tlg001.msA:11.601	urn:cts:greekLit:tlg5026.msA.hmt:11.221,urn:cts:greekLit:tlg5026.msAim.hmt:11.3006
urn:cts:greekLit:tlg0012.tlg001.msA:2.189	urn:cts:greekLit:tlg5026.msA.hmt:2.306,urn:cts:greekLit:tlg5026.msAim.hmt:2.327
urn:cts:greekLit:tlg0012.tlg001.msA:1.8	urn:cts:greekLit:tlg5026.msAim.hmt:1.19,urn:cts:greekLit:tlg5026.msAint.hmt:1.27
urn:cts:greekLit:tlg0012.tlg001.msA:6.181	urn:cts:greekLit:tlg5026.msAim.hmt:6.229,urn:cts:greekLit:tlg5026.msAint.hmt:6.174
urn:cts:greekLit:tlg0012.tlg001.msA:7.452	urn:cts:greekLit:tlg5026.msA.hmt:7.3046,urn:cts:greekLit:tlg5026.msAim.hmt:7.3047,urn:cts:greekLit:tlg5026.msAim.hmt:7.3048
urn:cts:greekLit:tlg0012.tlg001.msA:7.428	urn:cts:greekLit:tlg5026.msA.hmt:7.3029,urn:cts:greekLit:tlg5026.msA.hmt:7.3030,urn:cts:greekLit:tlg5026.msAint.hmt:7.3017
urn:cts:greekLit:tlg0012.tlg001.msA:6.96	urn:cts:greekLit:tlg5026.msAim.hmt:6.221,urn:cts:greekLit:tlg5026.msAint.hmt:6.169
urn:cts:greekLit:tlg0012.tlg001.msA:10.75	urn:cts:greekLit:tlg5026.msA.hmt:10.81,urn:cts:greekLit:tlg5026.msAim.hmt:10.85
urn:cts:greekLit:tlg0012.tlg001.msA:9.505	urn:cts:greekLit:tlg5026.msA.hmt:9.475,urn:cts:greekLit:tlg5026.msAim.hmt:9.479
urn:cts:greekLit:tlg0012.tlg001.msA:9.567	urn:cts:greekLit:tlg5026.msA.hmt:9.542,urn:cts:greekLit:tlg5026.msAim.hmt:9.558,urn:cts:greekLit:tlg5026.msAint.hmt:9.565
urn:cts:greekLit:tlg0012.tlg001.msA:9.215	urn:cts:greekLit:tlg5026.msA.hmt:9.246,urn:cts:greekLit:tlg5026.msAint.hmt:9.261
urn:cts:greekLit:tlg0012.tlg001.msA:3.348	urn:cts:greekLit:tlg5026.msA.hmt:3.505,urn:cts:greekLit:tlg5026.msAim.hmt:3.751
urn:cts:greekLit:tlg0012.tlg001.msA:1.271	urn:cts:greekLit:tlg5026.msA.hmt:1.861,urn:cts:greekLit:tlg5026.msAim.hmt:1.737
urn:cts:greekLit:tlg0012.tlg001.msA:1.175	urn:cts:greekLit:tlg5026.msA.hmt:1.495,urn:cts:greekLit:tlg5026.msA.hmt:1.496,urn:cts:greekLit:tlg5026.msAim.hmt:1.501,urn:cts:greekLit:tlg5026.msAint.hmt:1.506
urn:cts:greekLit:tlg0012.tlg001.msA:9.686	urn:cts:greekLit:tlg5026.msA.hmt:9.644,urn:cts:greekLit:tlg5026.msAim.hmt:9.649
urn:cts:greekLit:tlg0012.tlg001.msA:9.148	urn:cts:greekLit:tlg5026.msA.hmt:9.162,urn:cts:greekLit:tlg5026.msAim.hmt:9.170
urn:cts:greekLit:tlg0012.tlg001.msA:1.258	urn:cts:greekLit:tlg5026.msA.hmt:1.723,urn:cts:greekLit:tlg5026.msAim.hmt:1.736
urn:cts:greekLit:tlg0012.tlg001.msA:9.197	urn:cts:greekLit:tlg5026.msA.hmt:9.216,urn:cts:greekLit:tlg5026.msAint.hmt:9.227
urn:cts:greekLit:tlg0012.tlg001.msA:11.76	urn:cts:greekLit:tlg5026.msAim.hmt:11.3001,urn:cts:greekLit:tlg5026.msAint.hmt:11.7
urn:cts:greekLit:tlg0012.tlg001.msA:9.317	urn:cts:greekLit:tlg5026.msAim.hmt:9.320,urn:cts:greekLit:tlg5026.msAint.hmt:9.323
urn:cts:greekLit:tlg0012.tlg001.msA:4.235	urn:cts:greekLit:tlg5026.msA.hmt:4.405,urn:cts:greekLit:tlg5026.msAint.hmt:4.1001
urn:cts:greekLit:tlg0012.tlg001.msA:6.97	urn:cts:greekLit:tlg5026.msA.hmt:6.29,urn:cts:greekLit:tlg5026.msAim.hmt:6.222
urn:cts:greekLit:tlg0012.tlg001.msA:5.231	urn:cts:greekLit:tlg5026.msA.hmt:5.1069,urn:cts:greekLit:tlg5026.msAim.hmt:5.6077
urn:cts:greekLit:tlg0012.tlg001.msA:6.518	urn:cts:greekLit:tlg5026.msA.hmt:6.158,urn:cts:greekLit:tlg5026.msA.hmt:6.159,urn:cts:greekLit:tlg5026.msA.hmt:6.160,urn:cts:greekLit:tlg5026.msAim.hmt:6.280
urn:cts:greekLit:tlg0012.tlg001.msA:18.567	urn:cts:greekLit:tlg5026.msA.hmt:18.201,urn:cts:greekLit:tlg5026.msAim.hmt:18.67
urn:cts:greekLit:tlg0012.tlg001.msA:2.125	urn:cts:greekLit:tlg5026.msA.hmt:2.180,urn:cts:greekLit:tlg5026.msA.hmt:2.181,urn:cts:greekLit:tlg5026.msAim.hmt:2.190
urn:cts:greekLit:tlg0012.tlg001.msA:1.435	urn:cts:greekLit:tlg5026.msA.hmt:1.1121,urn:cts:greekLit:tlg5026.msA.hmt:1.1123,urn:cts:greekLit:tlg5026.msAim.hmt:1.1134
urn:cts:greekLit:tlg0012.tlg001.msA:4.151	urn:cts:greekLit:tlg5026.msA.hmt:4.269,urn:cts:greekLit:tlg5026.msAim.hmt:4.807
urn:cts:greekLit:tlg0012.tlg001.msA:2.292	urn:cts:greekLit:tlg5026.msA.hmt:2.444,urn:cts:greekLit:tlg5026.msAint.hmt:2.462
urn:cts:greekLit:tlg0012.tlg001.msA:1.58	urn:cts:greekLit:tlg5026.msA.hmt:1.65,urn:cts:greekLit:tlg5026.msAint.hmt:1.89
urn:cts:greekLit:tlg0012.tlg001.msA:9.57	urn:cts:greekLit:tlg5026.msA.hmt:9.680,urn:cts:greekLit:tlg5026.msAim.hmt:9.68
urn:cts:greekLit:tlg0012.tlg001.msA:15.134	urn:cts:greekLit:tlg5026.msA.hmt:15.40,urn:cts:greekLit:tlg5026.msAim.hmt:15.19
urn:cts:greekLit:tlg0012.tlg001.msA:6.237	urn:cts:greekLit:tlg5026.msA.hmt:6.80,urn:cts:greekLit:tlg5026.msAint.hmt:6.180
urn:cts:greekLit:tlg0012.tlg001.msA:8.68	urn:cts:greekLit:tlg5026.msA.hmt:8.65,urn:cts:greekLit:tlg5026.msAim.hmt:8.71
urn:cts:greekLit:tlg0012.tlg001.msA:8.353	urn:cts:greekLit:tlg5026.msA.hmt:8.235,urn:cts:greekLit:tlg5026.msAim.hmt:8.245
urn:cts:greekLit:tlg0012.tlg001.msA:6.17	urn:cts:greekLit:tlg5026.msA.hmt:6.6,urn:cts:greekLit:tlg5026.msAim.hmt:6.208
urn:cts:greekLit:tlg0012.tlg001.msA:17.218	urn:cts:greekLit:tlg5026.msA.hmt:17.93,urn:cts:greekLit:tlg5026.msA.hmt:17.94,urn:cts:greekLit:tlg5026.msAint.hmt:17.25
urn:cts:greekLit:tlg0012.tlg001.msA:8.553	urn:cts:greekLit:tlg5026.msA.hmt:8.344,urn:cts:greekLit:tlg5026.msAim.hmt:8.349
urn:cts:greekLit:tlg0012.tlg001.msA:10.6	urn:cts:greekLit:tlg5026.msA.hmt:10.5,urn:cts:greekLit:tlg5026.msAint.hmt:10.32
urn:cts:greekLit:tlg0012.tlg001.msA:11.395	urn:cts:greekLit:tlg5026.msA.hmt:11.153,urn:cts:greekLit:tlg5026.msAim.hmt:11.43,urn:cts:greekLit:tlg5026.msAint.hmt:11.15
urn:cts:greekLit:tlg0012.tlg001.msA:12.33	urn:cts:greekLit:tlg5026.msA.hmt:12.B3,urn:cts:greekLit:tlg5026.msAim.hmt:12.B2
urn:cts:greekLit:tlg0012.tlg001.msA:6.353	urn:cts:greekLit:tlg5026.msAim.hmt:6.253,urn:cts:greekLit:tlg5026.msAint.hmt:6.193
urn:cts:greekLit:tlg0012.tlg001.msA:2.148	urn:cts:greekLit:tlg5026.msA.hmt:2.229,urn:cts:greekLit:tlg5026.msAim.hmt:2.240
urn:cts:greekLit:tlg0012.tlg001.msA:1.26	urn:cts:greekLit:tlg5026.msA.hmt:1.33,urn:cts:greekLit:tlg5026.msAim.hmt:1.45
urn:cts:greekLit:tlg0012.tlg001.msA:1.212	urn:cts:greekLit:tlg5026.msA.hmt:1.599,urn:cts:greekLit:tlg5026.msAint.hmt:1.618
urn:cts:greekLit:tlg0012.tlg001.msA:7.95	urn:cts:greekLit:tlg5026.msA.hmt:7.307,urn:cts:greekLit:tlg5026.msAim.hmt:7.313
urn:cts:greekLit:tlg0012.tlg001.msA:5.60	urn:cts:greekLit:tlg5026.msA.hmt:5.1018,urn:cts:greekLit:tlg5026.msAim.hmt:5.6017
urn:cts:greekLit:tlg0012.tlg001.msA:8.340	urn:cts:greekLit:tlg5026.msA.hmt:8.9003,urn:cts:greekLit:tlg5026.msAim.hmt:8.231,urn:cts:greekLit:tlg5026.msAint.hmt:8.232
urn:cts:greekLit:tlg0012.tlg001.msA:12.36	urn:cts:greekLit:tlg5026.msA.hmt:12.B5,urn:cts:greekLit:tlg5026.msAint.hmt:12.B2
urn:cts:greekLit:tlg0012.tlg001.msA:2.427	urn:cts:greekLit:tlg5026.msA.hmt:2.533,urn:cts:greekLit:tlg5026.msAim.hmt:2.539
urn:cts:greekLit:tlg0012.tlg001.msA:5.744	urn:cts:greekLit:tlg5026.msA.hmt:5.4028,urn:cts:greekLit:tlg5026.msAim.hmt:5.4052
urn:cts:greekLit:tlg0012.tlg001.msA:8.276	urn:cts:greekLit:tlg5026.msA.hmt:8.194,urn:cts:greekLit:tlg5026.msAint.hmt:8.201
urn:cts:greekLit:tlg0012.tlg001.msA:14.382	urn:cts:greekLit:tlg5026.msA.hmt:14.D1,urn:cts:greekLit:tlg5026.msAint.hmt:14.D1
urn:cts:greekLit:tlg0012.tlg001.msA:14.322	urn:cts:greekLit:tlg5026.msA.hmt:14.H26,urn:cts:greekLit:tlg5026.msAim.hmt:14.H7
urn:cts:greekLit:tlg0012.tlg001.msA:9.509	urn:cts:greekLit:tlg5026.msA.hmt:9.476,urn:cts:greekLit:tlg5026.msAint.hmt:9.483
urn:cts:greekLit:tlg0012.tlg001.msA:7.241	urn:cts:greekLit:tlg5026.msA.hmt:7.1061,urn:cts:greekLit:tlg5026.msAim.hmt:7.1064
urn:cts:greekLit:tlg0012.tlg001.msA:4.426	urn:cts:greekLit:tlg5026.msA.hmt:4.646,urn:cts:greekLit:tlg5026.msAim.hmt:4.868
urn:cts:greekLit:tlg0012.tlg001.msA:2.5	urn:cts:greekLit:tlg5026.msA.hmt:2.6,urn:cts:greekLit:tlg5026.msAim.hmt:2.11
urn:cts:greekLit:tlg0012.tlg001.msA:8.12	urn:cts:greekLit:tlg5026.msA.hmt:8.6,urn:cts:greekLit:tlg5026.msAim.hmt:8.11
urn:cts:greekLit:tlg0012.tlg001.msA:5.5	urn:cts:greekLit:tlg5026.msA.hmt:5.1003,urn:cts:greekLit:tlg5026.msA.hmt:5.1004,urn:cts:greekLit:tlg5026.msAint.hmt:5.6001
urn:cts:greekLit:tlg0012.tlg001.msA:4.59	urn:cts:greekLit:tlg5026.msA.hmt:4.100,urn:cts:greekLit:tlg5026.msA.hmt:4.99,urn:cts:greekLit:tlg5026.msAim.hmt:4.796
urn:cts:greekLit:tlg0012.tlg001.msA:1.116	urn:cts:greekLit:tlg5026.msAim.hmt:1.139,urn:cts:greekLit:tlg5026.msAint.hmt:1.142
urn:cts:greekLit:tlg0012.tlg001.msA:2.36	urn:cts:greekLit:tlg5026.msA.hmt:2.25,urn:cts:greekLit:tlg5026.msA.hmt:2.54,urn:cts:greekLit:tlg5026.msAim.hmt:2.69
urn:cts:greekLit:tlg0012.tlg001.msA:17.190	urn:cts:greekLit:tlg5026.msA.hmt:17.78,urn:cts:greekLit:tlg5026.msA.hmt:17.79,urn:cts:greekLit:tlg5026.msAint.hmt:17.22
urn:cts:greekLit:tlg0012.tlg001.msA:18.538	urn:cts:greekLit:tlg5026.msA.hmt:18.192,urn:cts:greekLit:tlg5026.msAint.hmt:18.47
urn:cts:greekLit:tlg0012.tlg001.msA:9.182	urn:cts:greekLit:tlg5026.msA.hmt:9.193,urn:cts:greekLit:tlg5026.msAint.hmt:9.199
urn:cts:greekLit:tlg0012.tlg001.msA:4.500	urn:cts:greekLit:tlg5026.msA.hmt:4.742,urn:cts:greekLit:tlg5026.msAint.hmt:4.740
urn:cts:greekLit:tlg0012.tlg001.msA:9.539	urn:cts:greekLit:tlg5026.msA.hmt:9.519,urn:cts:greekLit:tlg5026.msAint.hmt:9.532
urn:cts:greekLit:tlg0012.tlg001.msA:1.19	urn:cts:greekLit:tlg5026.msA.hmt:1.15,urn:cts:greekLit:tlg5026.msAim.hmt:1.23
urn:cts:greekLit:tlg0012.tlg001.msA:2.347	urn:cts:greekLit:tlg5026.msA.hmt:2.487,urn:cts:greekLit:tlg5026.msAim.hmt:2.498
urn:cts:greekLit:tlg0012.tlg001.msA:5.297	urn:cts:greekLit:tlg5026.msA.hmt:5.2005,urn:cts:greekLit:tlg5026.msAint.hmt:5.4012
urn:cts:greekLit:tlg0012.tlg001.msA:15.147-15.148	urn:cts:greekLit:tlg5026.msA.hmt:15.45,urn:cts:greekLit:tlg5026.msAint.hmt:15.15
urn:cts:greekLit:tlg0012.tlg001.msA:8.441	urn:cts:greekLit:tlg5026.msA.hmt:8.274,urn:cts:greekLit:tlg5026.msA.hmt:8.275,urn:cts:greekLit:tlg5026.msAim.hmt:8.281,urn:cts:greekLit:tlg5026.msAint.hmt:8.286
urn:cts:greekLit:tlg0012.tlg001.msA:9.416	urn:cts:greekLit:tlg5026.msA.hmt:9.397,urn:cts:greekLit:tlg5026.msAint.hmt:9.404
urn:cts:greekLit:tlg0012.tlg001.msA:18.376	urn:cts:greekLit:tlg5026.msA.hmt:18.126,urn:cts:greekLit:tlg5026.msAim.hmt:18.40
urn:cts:greekLit:tlg0012.tlg001.msA:3.406	urn:cts:greekLit:tlg5026.msA.hmt:3.598,urn:cts:greekLit:tlg5026.msAim.hmt:3.768
urn:cts:greekLit:tlg0012.tlg001.msA:9.242	urn:cts:greekLit:tlg5026.msAim.hmt:9.282,urn:cts:greekLit:tlg5026.msAint.hmt:9.287
urn:cts:greekLit:tlg0012.tlg001.msA:10.79	urn:cts:greekLit:tlg5026.msAim.hmt:10.104,urn:cts:greekLit:tlg5026.msAint.hmt:10.106
urn:cts:greekLit:tlg0012.tlg001.msA:8.230	urn:cts:greekLit:tlg5026.msA.hmt:8.165,urn:cts:greekLit:tlg5026.msAim.hmt:8.172,urn:cts:greekLit:tlg5026.msAint.hmt:8.174
urn:cts:greekLit:tlg0012.tlg001.msA:3.414	urn:cts:greekLit:tlg5026.msA.hmt:3.605,urn:cts:greekLit:tlg5026.msAim.hmt:3.770
urn:cts:greekLit:tlg0012.tlg001.msA:15.11	urn:cts:greekLit:tlg5026.msA.hmt:15.12,urn:cts:greekLit:tlg5026.msAint.hmt:15.1
urn:cts:greekLit:tlg0012.tlg001.msA:5.44	urn:cts:greekLit:tlg5026.msA.hmt:5.1015,urn:cts:greekLit:tlg5026.msAint.hmt:5.6019
urn:cts:greekLit:tlg0012.tlg001.msA:3.2	urn:cts:greekLit:tlg5026.msA.hmt:3.8,urn:cts:greekLit:tlg5026.msAint.hmt:3.4
urn:cts:greekLit:tlg0012.tlg001.msA:2.150	urn:cts:greekLit:tlg5026.msA.hmt:2.230,urn:cts:greekLit:tlg5026.msAint.hmt:2.244
urn:cts:greekLit:tlg0012.tlg001.msA:8.135	urn:cts:greekLit:tlg5026.msA.hmt:8.106,urn:cts:greekLit:tlg5026.msAim.hmt:8.110
urn:cts:greekLit:tlg0012.tlg001.msA:7.276	urn:cts:greekLit:tlg5026.msA.hmt:7.2003,urn:cts:greekLit:tlg5026.msAim.hmt:7.2007
urn:cts:greekLit:tlg0012.tlg001.msA:9.129	urn:cts:greekLit:tlg5026.msA.hmt:9.135,urn:cts:greekLit:tlg5026.msAint.hmt:9.144
urn:cts:greekLit:tlg0012.tlg001.msA:8.428	urn:cts:greekLit:tlg5026.msAim.hmt:8.280,urn:cts:greekLit:tlg5026.msAint.hmt:8.284
urn:cts:greekLit:tlg0012.tlg001.msA:15.71	urn:cts:greekLit:tlg5026.msAim.hmt:15.10,urn:cts:greekLit:tlg5026.msAint.hmt:15.11
urn:cts:greekLit:tlg0012.tlg001.msA:8.519	urn:cts:greekLit:tlg5026.msA.hmt:8.322,urn:cts:greekLit:tlg5026.msAim.hmt:8.332
urn:cts:greekLit:tlg0012.tlg001.msA:8.296	urn:cts:greekLit:tlg5026.msA.hmt:8.199,urn:cts:greekLit:tlg5026.msAim.hmt:8.211
urn:cts:greekLit:tlg0012.tlg001.msA:9.61	urn:cts:greekLit:tlg5026.msA.hmt:9.80,urn:cts:greekLit:tlg5026.msAint.hmt:9.92
urn:cts:greekLit:tlg0012.tlg001.msA:3.182	urn:cts:greekLit:tlg5026.msA.hmt:3.711,urn:cts:greekLit:tlg5026.msAim.hmt:3.712,urn:cts:greekLit:tlg5026.msAim.hmt:3.713
urn:cts:greekLit:tlg0012.tlg001.msA:3.122	urn:cts:greekLit:tlg5026.msA.hmt:3.191,urn:cts:greekLit:tlg5026.msAim.hmt:3.694,urn:cts:greekLit:tlg5026.msAint.hmt:3.192
urn:cts:greekLit:tlg0012.tlg001.msA:10.559	urn:cts:greekLit:tlg5026.msA.hmt:10.4656,urn:cts:greekLit:tlg5026.msAint.hmt:10.4666
urn:cts:greekLit:tlg0012.tlg001.msA:11.306	urn:cts:greekLit:tlg5026.msA.hmt:11.124,urn:cts:greekLit:tlg5026.msA.hmt:11.125,urn:cts:greekLit:tlg5026.msAim.hmt:11.28
urn:cts:greekLit:tlg0012.tlg001.msA:17.178	urn:cts:greekLit:tlg5026.msA.hmt:17.74,urn:cts:greekLit:tlg5026.msAint.hmt:17.21
urn:cts:greekLit:tlg0012.tlg001.msA:6.2	urn:cts:greekLit:tlg5026.msA.hmt:6.2,urn:cts:greekLit:tlg5026.msAint.hmt:6.162
urn:cts:greekLit:tlg0012.tlg001.msA:18.472	urn:cts:greekLit:tlg5026.msAim.hmt:18.49,urn:cts:greekLit:tlg5026.msAint.hmt:18.36
urn:cts:greekLit:tlg0012.tlg001.msA:7.110	urn:cts:greekLit:tlg5026.msA.hmt:7.403,urn:cts:greekLit:tlg5026.msAint.hmt:7.411
urn:cts:greekLit:tlg0012.tlg001.msA:11.356	urn:cts:greekLit:tlg5026.msA.hmt:11.138,urn:cts:greekLit:tlg5026.msAim.hmt:11.38
urn:cts:greekLit:tlg0012.tlg001.msA:19.95	urn:cts:greekLit:tlg5026.msA.hmt:19.2015office9_11,urn:cts:greekLit:tlg5026.msAint.hmt:19.2015office9_6
urn:cts:greekLit:tlg0012.tlg001.msA:4.17	urn:cts:greekLit:tlg5026.msA.hmt:4.32,urn:cts:greekLit:tlg5026.msAim.hmt:4.789
urn:cts:greekLit:tlg0012.tlg001.msA:11.686	urn:cts:greekLit:tlg5026.msA.hmt:11.254,urn:cts:greekLit:tlg5026.msA.hmt:11.255,urn:cts:greekLit:tlg5026.msAint.hmt:11.40
urn:cts:greekLit:tlg0012.tlg001.msA:9.73	urn:cts:greekLit:tlg5026.msA.hmt:9.84,urn:cts:greekLit:tlg5026.msAim.hmt:9.89
urn:cts:greekLit:tlg0012.tlg001.msA:11.462	urn:cts:greekLit:tlg5026.msAim.hmt:11.56,urn:cts:greekLit:tlg5026.msAint.hmt:11.21
urn:cts:greekLit:tlg0012.tlg001.msA:1.534-1.535	urn:cts:greekLit:tlg5026.msA.hmt:1.1337,urn:cts:greekLit:tlg5026.msAim.hmt:1.1347
urn:cts:greekLit:tlg0012.tlg001.msA:2.87	urn:cts:greekLit:tlg5026.msA.hmt:2.123,urn:cts:greekLit:tlg5026.msAim.hmt:2.134,urn:cts:greekLit:tlg5026.msAint.hmt:2.139
urn:cts:greekLit:tlg0012.tlg001.msA:1.298	urn:cts:greekLit:tlg5026.msA.hmt:1.801,urn:cts:greekLit:tlg5026.msAint.hmt:1.809
urn:cts:greekLit:tlg0012.tlg001.msA:5.1	urn:cts:greekLit:tlg5026.msA.hmt:5.1000,urn:cts:greekLit:tlg5026.msAint.hmt:5.6000
urn:cts:greekLit:tlg0012.tlg001.msA:6.260	urn:cts:greekLit:tlg5026.msA.hmt:6.91,urn:cts:greekLit:tlg5026.msAim.hmt:6.240,urn:cts:greekLit:tlg5026.msAint.hmt:6.182
urn:cts:greekLit:tlg0012.tlg001.msA:7.255	urn:cts:greekLit:tlg5026.msA.hmt:7.2000,urn:cts:greekLit:tlg5026.msAim.hmt:7.2004
urn:cts:greekLit:tlg0012.tlg001.msA:6.174	urn:cts:greekLit:tlg5026.msA.hmt:6.61,urn:cts:greekLit:tlg5026.msAim.hmt:6.228,urn:cts:greekLit:tlg5026.msAint.hmt:6.173
urn:cts:greekLit:tlg0012.tlg001.msA:1.42	urn:cts:greekLit:tlg5026.msA.hmt:1.42,urn:cts:greekLit:tlg5026.msAim.hmt:1.52
urn:cts:greekLit:tlg0012.tlg001.msA:2.117	urn:cts:greekLit:tlg5026.msA.hmt:2.175,urn:cts:greekLit:tlg5026.msAim.hmt:2.187
urn:cts:greekLit:tlg0012.tlg001.msA:8.478-8.479	urn:cts:greekLit:tlg5026.msA.hmt:8.305,urn:cts:greekLit:tlg5026.msAim.hmt:8.314
urn:cts:greekLit:tlg0012.tlg001.msA:3.276	urn:cts:greekLit:tlg5026.msA.hmt:3.412,urn:cts:greekLit:tlg5026.msAim.hmt:3.730
urn:cts:greekLit:tlg0012.tlg001.msA:12.301	urn:cts:greekLit:tlg5026.msA.hmt:12.G29,urn:cts:greekLit:tlg5026.msAint.hmt:12.G10
urn:cts:greekLit:tlg0012.tlg001.msA:11.140	urn:cts:greekLit:tlg5026.msA.hmt:11.66,urn:cts:greekLit:tlg5026.msAim.hmt:11.19
urn:cts:greekLit:tlg0012.tlg001.msA:9.399	urn:cts:greekLit:tlg5026.msA.hmt:9.381,urn:cts:greekLit:tlg5026.msAim.hmt:9.393
urn:cts:greekLit:tlg0012.tlg001.msA:7.353	urn:cts:greekLit:tlg5026.msA.hmt:7.2043,urn:cts:greekLit:tlg5026.msAim.hmt:7.2047
urn:cts:greekLit:tlg0012.tlg001.msA:4.282	urn:cts:greekLit:tlg5026.msA.hmt:4.467,urn:cts:greekLit:tlg5026.msAim.hmt:4.833
urn:cts:greekLit:tlg0012.tlg001.msA:10.258	urn:cts:greekLit:tlg5026.msA.hmt:10.2503,urn:cts:greekLit:tlg5026.msA.hmt:10.2504,urn:cts:greekLit:tlg5026.msA.hmt:10.2505,urn:cts:greekLit:tlg5026.msAint.hmt:10.2516
urn:cts:greekLit:tlg0012.tlg001.msA:4.43	urn:cts:greekLit:tlg5026.msA.hmt:4.70,urn:cts:greekLit:tlg5026.msA.hmt:4.71,urn:cts:greekLit:tlg5026.msA.hmt:4.72,urn:cts:greekLit:tlg5026.msA.hmt:4.792,urn:cts:greekLit:tlg5026.msAint.hmt:4.68
urn:cts:greekLit:tlg0012.tlg001.msA:11.596	urn:cts:greekLit:tlg5026.msA.hmt:11.219,urn:cts:greekLit:tlg5026.msAint.hmt:11.31
urn:cts:greekLit:tlg0012.tlg001.msA:18.125	urn:cts:greekLit:tlg5026.msA.hmt:18.53,urn:cts:greekLit:tlg5026.msAint.hmt:18.11
urn:cts:greekLit:tlg0012.tlg001.msA:10.127	urn:cts:greekLit:tlg5026.msA.hmt:10.1500,urn:cts:greekLit:tlg5026.msAim.hmt:10.1507
urn:cts:greekLit:tlg0012.tlg001.msA:1.71	urn:cts:greekLit:tlg5026.msA.hmt:1.79,urn:cts:greekLit:tlg5026.msAim.hmt:1.86
urn:cts:greekLit:tlg0012.tlg001.msA:6.417	urn:cts:greekLit:tlg5026.msA.hmt:6.122,urn:cts:greekLit:tlg5026.msAim.hmt:6.265
urn:cts:greekLit:tlg0012.tlg001.msA:4.167	urn:cts:greekLit:tlg5026.msA.hmt:4.304,urn:cts:greekLit:tlg5026.msAim.hmt:4.809
urn:cts:greekLit:tlg0012.tlg001.msA:6.348	urn:cts:greekLit:tlg5026.msA.hmt:6.111,urn:cts:greekLit:tlg5026.msAint.hmt:6.192
urn:cts:greekLit:tlg0012.tlg001.msA:12.193	urn:cts:greekLit:tlg5026.msA.hmt:12.H6,urn:cts:greekLit:tlg5026.msAint.hmt:12.H1
urn:cts:greekLit:tlg0012.tlg001.msA:2.212	urn:cts:greekLit:tlg5026.msA.hmt:2.320,urn:cts:greekLit:tlg5026.msA.hmt:2.321,urn:cts:greekLit:tlg5026.msA.hmt:2.322,urn:cts:greekLit:tlg5026.msA.hmt:2.323,urn:cts:greekLit:tlg5026.msAint.hmt:2.340
urn:cts:greekLit:tlg0012.tlg001.msA:11.11	urn:cts:greekLit:tlg5026.msA.hmt:11.4,urn:cts:greekLit:tlg5026.msAim.hmt:11.1
urn:cts:greekLit:tlg0012.tlg001.msA:1.497	urn:cts:greekLit:tlg5026.msA.hmt:1.1235,urn:cts:greekLit:tlg5026.msAim.hmt:1.1238
urn:cts:greekLit:tlg0012.tlg001.msA:3.158	urn:cts:greekLit:tlg5026.msA.hmt:3.275,urn:cts:greekLit:tlg5026.msAim.hmt:3.710,urn:cts:greekLit:tlg5026.msAint.hmt:3.260
urn:cts:greekLit:tlg0012.tlg001.msA:11.371	urn:cts:greekLit:tlg5026.msA.hmt:11.143,urn:cts:greekLit:tlg5026.msAim.hmt:11.40
urn:cts:greekLit:tlg0012.tlg001.msA:3.99	urn:cts:greekLit:tlg5026.msA.hmt:3.164,urn:cts:greekLit:tlg5026.msAint.hmt:3.165
urn:cts:greekLit:tlg0012.tlg001.msA:1.56	urn:cts:greekLit:tlg5026.msAim.hmt:1.83,urn:cts:greekLit:tlg5026.msAint.hmt:1.88
urn:cts:greekLit:tlg0012.tlg001.msA:5.800	urn:cts:greekLit:tlg5026.msA.hmt:5.4037,urn:cts:greekLit:tlg5026.msAint.hmt:5.4075
urn:cts:greekLit:tlg0012.tlg001.msA:2.373	urn:cts:greekLit:tlg5026.msA.hmt:2.507,urn:cts:greekLit:tlg5026.msAim.hmt:2.514
urn:cts:greekLit:tlg0012.tlg001.msA:14.25	urn:cts:greekLit:tlg5026.msA.hmt:14.B14,urn:cts:greekLit:tlg5026.msAim.hmt:14.B3
urn:cts:greekLit:tlg0012.tlg001.msA:8.455	urn:cts:greekLit:tlg5026.msA.hmt:8.290,urn:cts:greekLit:tlg5026.msAint.hmt:8.299
urn:cts:greekLit:tlg0012.tlg001.msA:11.54	urn:cts:greekLit:tlg5026.msA.hmt:11.30,urn:cts:greekLit:tlg5026.msAim.hmt:11.6
urn:cts:greekLit:tlg0012.tlg001.msA:9.158	urn:cts:greekLit:tlg5026.msA.hmt:9.166,urn:cts:greekLit:tlg5026.msAim.hmt:9.172
urn:cts:greekLit:tlg0012.tlg001.msA:15.288	urn:cts:greekLit:tlg5026.msA.hmt:15.87,urn:cts:greekLit:tlg5026.msAim.hmt:15.38
urn:cts:greekLit:tlg0012.tlg001.msA:11.484	urn:cts:greekLit:tlg5026.msA.hmt:11.185,urn:cts:greekLit:tlg5026.msAim.hmt:11.60
urn:cts:greekLit:tlg0012.tlg001.msA:5.249	urn:cts:greekLit:tlg5026.msA.hmt:5.1072,urn:cts:greekLit:tlg5026.msA.hmt:5.1074,urn:cts:greekLit:tlg5026.msAint.hmt:5.6097
urn:cts:greekLit:tlg0012.tlg001.msA:8.290	urn:cts:greekLit:tlg5026.msA.hmt:8.198,urn:cts:greekLit:tlg5026.msAim.hmt:8.200,urn:cts:greekLit:tlg5026.msAint.hmt:8.202
urn:cts:greekLit:tlg0012.tlg001.msA:3.250	urn:cts:greekLit:tlg5026.msA.hmt:3.388,urn:cts:greekLit:tlg5026.msAint.hmt:3.387
urn:cts:greekLit:tlg0012.tlg001.msA:8.560	urn:cts:greekLit:tlg5026.msA.hmt:8.355,urn:cts:greekLit:tlg5026.msAim.hmt:8.358
urn:cts:greekLit:tlg0012.tlg001.msA:12.435	urn:cts:greekLit:tlg5026.msA.hmt:12.F9,urn:cts:greekLit:tlg5026.msAint.hmt:12.F3
urn:cts:greekLit:tlg0012.tlg001.msA:12.451	urn:cts:greekLit:tlg5026.msA.hmt:12.F15,urn:cts:greekLit:tlg5026.msAint.hmt:12.F5
urn:cts:greekLit:tlg0012.tlg001.msA:1.314	urn:cts:greekLit:tlg5026.msA.hmt:1.866,urn:cts:greekLit:tlg5026.msAint.hmt:1.878
urn:cts:greekLit:tlg0012.tlg001.msA:5.140	urn:cts:greekLit:tlg5026.msA.hmt:5.1043,urn:cts:greekLit:tlg5026.msAim.hmt:5.6043
urn:cts:greekLit:tlg0012.tlg001.msA:8.474	urn:cts:greekLit:tlg5026.msA.hmt:8.292,urn:cts:greekLit:tlg5026.msAim.hmt:8.298
urn:cts:greekLit:tlg0012.tlg001.msA:7.175	urn:cts:greekLit:tlg5026.msAim.hmt:7.1028,urn:cts:greekLit:tlg5026.msAint.hmt:7.1031
urn:cts:greekLit:tlg0012.tlg001.msA:14.36	urn:cts:greekLit:tlg5026.msA.hmt:14.B17,urn:cts:greekLit:tlg5026.msAint.hmt:14.B1
urn:cts:greekLit:tlg0012.tlg001.msA:15.498	urn:cts:greekLit:tlg5026.msA.hmt:15.142,urn:cts:greekLit:tlg5026.msAim.hmt:15.58
urn:cts:greekLit:tlg0012.tlg001.msA:2.741	urn:cts:greekLit:tlg5026.msA.hmt:2.725,urn:cts:greekLit:tlg5026.msAim.hmt:2.731
urn:cts:greekLit:tlg0012.tlg001.msA:6.291	urn:cts:greekLit:tlg5026.msA.hmt:6.98,urn:cts:greekLit:tlg5026.msAint.hmt:6.185
urn:cts:greekLit:tlg0012.tlg001.msA:15.705	urn:cts:greekLit:tlg5026.msA.hmt:15.187,urn:cts:greekLit:tlg5026.msA.hmt:15.188,urn:cts:greekLit:tlg5026.msAint.hmt:15.54
urn:cts:greekLit:tlg0012.tlg001.msA:7.89	urn:cts:greekLit:tlg5026.msAim.hmt:7.312,urn:cts:greekLit:tlg5026.msAint.hmt:7.316
urn:cts:greekLit:tlg0012.tlg001.msA:18.317	urn:cts:greekLit:tlg5026.msA.hmt:18.113,urn:cts:greekLit:tlg5026.msAint.hmt:18.30
urn:cts:greekLit:tlg0012.tlg001.msA:10.505	urn:cts:greekLit:tlg5026.msA.hmt:10.4606,urn:cts:greekLit:tlg5026.msAim.hmt:10.4613
urn:cts:greekLit:tlg0012.tlg001.msA:2.291	urn:cts:greekLit:tlg5026.msAim.hmt:2.459,urn:cts:greekLit:tlg5026.msAint.hmt:2.461
urn:cts:greekLit:tlg0012.tlg001.msA:18.477	urn:cts:greekLit:tlg5026.msA.hmt:18.159,urn:cts:greekLit:tlg5026.msA.hmt:18.160,urn:cts:greekLit:tlg5026.msAint.hmt:18.37
urn:cts:greekLit:tlg0012.tlg001.msA:17.32	urn:cts:greekLit:tlg5026.msA.hmt:17.13,urn:cts:greekLit:tlg5026.msAint.hmt:17.4
urn:cts:greekLit:tlg0012.tlg001.msA:8.35	urn:cts:greekLit:tlg5026.msA.hmt:8.25,urn:cts:greekLit:tlg5026.msAim.hmt:8.29
urn:cts:greekLit:tlg0012.tlg001.msA:4.339	urn:cts:greekLit:tlg5026.msA.hmt:4.541,urn:cts:greekLit:tlg5026.msAint.hmt:4.542
urn:cts:greekLit:tlg0012.tlg001.msA:1.80	urn:cts:greekLit:tlg5026.msA.hmt:1.94,urn:cts:greekLit:tlg5026.msAim.hmt:1.109
urn:cts:greekLit:tlg0012.tlg001.msA:6.24	urn:cts:greekLit:tlg5026.msA.hmt:6.9,urn:cts:greekLit:tlg5026.msAim.hmt:6.209,urn:cts:greekLit:tlg5026.msAint.hmt:6.163
urn:cts:greekLit:tlg0012.tlg001.msA:2.161	urn:cts:greekLit:tlg5026.msA.hmt:2.272,urn:cts:greekLit:tlg5026.msA.hmt:2.273,urn:cts:greekLit:tlg5026.msAint.hmt:2.285
urn:cts:greekLit:tlg0012.tlg001.msA:9.89	urn:cts:greekLit:tlg5026.msAim.hmt:9.115,urn:cts:greekLit:tlg5026.msAint.hmt:9.120
urn:cts:greekLit:tlg0012.tlg001.msA:18.136	urn:cts:greekLit:tlg5026.msA.hmt:18.55,urn:cts:greekLit:tlg5026.msAim.hmt:18.17
urn:cts:greekLit:tlg0012.tlg001.msA:11.672	urn:cts:greekLit:tlg5026.msA.hmt:11.244,urn:cts:greekLit:tlg5026.msAim.hmt:11.81
urn:cts:greekLit:tlg0012.tlg001.msA:18.485	urn:cts:greekLit:tlg5026.msAim.hmt:18.51,urn:cts:greekLit:tlg5026.msAint.hmt:18.38
urn:cts:greekLit:tlg0012.tlg001.msA:10.53	urn:cts:greekLit:tlg5026.msA.hmt:10.68,urn:cts:greekLit:tlg5026.msA.hmt:10.70,urn:cts:greekLit:tlg5026.msAim.hmt:10.82
urn:cts:greekLit:tlg0012.tlg001.msA:9.88	urn:cts:greekLit:tlg5026.msA.hmt:9.106,urn:cts:greekLit:tlg5026.msAim.hmt:9.114
urn:cts:greekLit:tlg0012.tlg001.msA:9.612	urn:cts:greekLit:tlg5026.msA.hmt:9.582,urn:cts:greekLit:tlg5026.msAim.hmt:9.587
urn:cts:greekLit:tlg0012.tlg001.msA:1.404	urn:cts:greekLit:tlg5026.msA.hmt:1.1060,urn:cts:greekLit:tlg5026.msAim.hmt:1.1072
urn:cts:greekLit:tlg0012.tlg001.msA:18.540	urn:cts:greekLit:tlg5026.msA.hmt:18.193,urn:cts:greekLit:tlg5026.msAim.hmt:18.61
urn:cts:greekLit:tlg0012.tlg001.msA:7.8	urn:cts:greekLit:tlg5026.msA.hmt:7.4,urn:cts:greekLit:tlg5026.msA.hmt:7.6,urn:cts:greekLit:tlg5026.msAint.hmt:7.16,urn:cts:greekLit:tlg5026.msAint.hmt:7.17
urn:cts:greekLit:tlg0012.tlg001.msA:15.412	urn:cts:greekLit:tlg5026.msA.hmt:15.118,urn:cts:greekLit:tlg5026.msA.hmt:15.119,urn:cts:greekLit:tlg5026.msAint.hmt:15.36
urn:cts:greekLit:tlg0012.tlg001.msA:5.39	urn:cts:greekLit:tlg5026.msA.hmt:5.1014,urn:cts:greekLit:tlg5026.msA.hmt:5.1016,urn:cts:greekLit:tlg5026.msAim.hmt:5.6012,urn:cts:greekLit:tlg5026.msAint.hmt:5.6018
urn:cts:greekLit:tlg0012.tlg001.msA:5.252	urn:cts:greekLit:tlg5026.msA.hmt:5.1073,urn:cts:greekLit:tlg5026.msAint.hmt:5.6098
urn:cts:greekLit:tlg0012.tlg001.msA:10.13	urn:cts:greekLit:tlg5026.msA.hmt:10.12,urn:cts:greekLit:tlg5026.msAint.hmt:10.33
urn:cts:greekLit:tlg0012.tlg001.msA:1.542	urn:cts:greekLit:tlg5026.msA.hmt:1.1343,urn:cts:greekLit:tlg5026.msAim.hmt:1.1348,urn:cts:greekLit:tlg5026.msAint.hmt:1.1349
urn:cts:greekLit:tlg0012.tlg001.msA:9.443	urn:cts:greekLit:tlg5026.msA.hmt:9.408,urn:cts:greekLit:tlg5026.msAim.hmt:9.419
urn:cts:greekLit:tlg0012.tlg001.msA:12.105	urn:cts:greekLit:tlg5026.msA.hmt:12.E1,urn:cts:greekLit:tlg5026.msAim.hmt:12.E1
urn:cts:greekLit:tlg0012.tlg001.msA:5.104	urn:cts:greekLit:tlg5026.msAim.hmt:5.6027,urn:cts:greekLit:tlg5026.msAint.hmt:5.6028
urn:cts:greekLit:tlg0012.tlg001.msA:5.725	urn:cts:greekLit:tlg5026.msA.hmt:5.4014,urn:cts:greekLit:tlg5026.msAim.hmt:5.4049
urn:cts:greekLit:tlg0012.tlg001.msA:10.347	urn:cts:greekLit:tlg5026.msAim.hmt:10.3518,urn:cts:greekLit:tlg5026.msAint.hmt:10.3522
urn:cts:greekLit:tlg0012.tlg001.msA:8.470	urn:cts:greekLit:tlg5026.msA.hmt:8.291,urn:cts:greekLit:tlg5026.msAint.hmt:8.302
urn:cts:greekLit:tlg0012.tlg001.msA:2.205	urn:cts:greekLit:tlg5026.msA.hmt:2.317,urn:cts:greekLit:tlg5026.msA.hmt:2.324,urn:cts:greekLit:tlg5026.msAint.hmt:2.336
urn:cts:greekLit:tlg0012.tlg001.msA:5.703	urn:cts:greekLit:tlg5026.msA.hmt:5.4007,urn:cts:greekLit:tlg5026.msAim.hmt:5.4048
urn:cts:greekLit:tlg0012.tlg001.msA:4.456	urn:cts:greekLit:tlg5026.msAim.hmt:4.873,urn:cts:greekLit:tlg5026.msAint.hmt:4.684
urn:cts:greekLit:tlg0012.tlg001.msA:5.278	urn:cts:greekLit:tlg5026.msA.hmt:5.1083,urn:cts:greekLit:tlg5026.msAim.hmt:5.6117
urn:cts:greekLit:tlg0012.tlg001.msA:1.103	urn:cts:greekLit:tlg5026.msA.hmt:1.116,urn:cts:greekLit:tlg5026.msAim.hmt:1.136
urn:cts:greekLit:tlg0012.tlg001.msA:15.187	urn:cts:greekLit:tlg5026.msA.hmt:15.55,urn:cts:greekLit:tlg5026.msA.hmt:15.56,urn:cts:greekLit:tlg5026.msA.hmt:15.57,urn:cts:greekLit:tlg5026.msAim.hmt:15.28
urn:cts:greekLit:tlg0012.tlg001.msA:1.106	urn:cts:greekLit:tlg5026.msA.hmt:1.118,urn:cts:greekLit:tlg5026.msA.hmt:1.119,urn:cts:greekLit:tlg5026.msA.hmt:1.120,urn:cts:greekLit:tlg5026.msA.hmt:1.121,urn:cts:greekLit:tlg5026.msA.hmt:1.123,urn:cts:greekLit:tlg5026.msAim.hmt:1.137
urn:cts:greekLit:tlg0012.tlg001.msA:8.513	urn:cts:greekLit:tlg5026.msA.hmt:8.321,urn:cts:greekLit:tlg5026.msAint.hmt:8.336
urn:cts:greekLit:tlg0012.tlg001.msA:2.346	urn:cts:greekLit:tlg5026.msA.hmt:2.489,urn:cts:greekLit:tlg5026.msAint.hmt:2.500
urn:cts:greekLit:tlg0012.tlg001.msA:2.48	urn:cts:greekLit:tlg5026.msA.hmt:2.62,urn:cts:greekLit:tlg5026.msAint.hmt:2.72
urn:cts:greekLit:tlg0012.tlg001.msA:10.317	urn:cts:greekLit:tlg5026.msA.hmt:10.3005,urn:cts:greekLit:tlg5026.msAint.hmt:10.3010
urn:cts:greekLit:tlg0012.tlg001.msA:8.193	urn:cts:greekLit:tlg5026.msA.hmt:8.146,urn:cts:greekLit:tlg5026.msAim.hmt:8.156
urn:cts:greekLit:tlg0012.tlg001.msA:8.213	urn:cts:greekLit:tlg5026.msA.hmt:8.152,urn:cts:greekLit:tlg5026.msA.hmt:8.153,urn:cts:greekLit:tlg5026.msA.hmt:8.154,urn:cts:greekLit:tlg5026.msAim.hmt:8.159
urn:cts:greekLit:tlg0012.tlg001.msA:6.128	urn:cts:greekLit:tlg5026.msA.hmt:6.36,urn:cts:greekLit:tlg5026.msAint.hmt:6.170
urn:cts:greekLit:tlg0012.tlg001.msA:11.51	urn:cts:greekLit:tlg5026.msA.hmt:11.27,urn:cts:greekLit:tlg5026.msA.hmt:11.28,urn:cts:greekLit:tlg5026.msAim.hmt:11.4
urn:cts:greekLit:tlg0012.tlg001.msA:1.176	urn:cts:greekLit:tlg5026.msA.hmt:1.550,urn:cts:greekLit:tlg5026.msAint.hmt:1.568
urn:cts:greekLit:tlg0012.tlg001.msA:2.450	urn:cts:greekLit:tlg5026.msA.hmt:2.548,urn:cts:greekLit:tlg5026.msAint.hmt:2.564,urn:cts:greekLit:tlg5026.msAint.hmt:2.565
urn:cts:greekLit:tlg0012.tlg001.msA:2.262	urn:cts:greekLit:tlg5026.msA.hmt:2.417,urn:cts:greekLit:tlg5026.msAim.hmt:2.422
urn:cts:greekLit:tlg0012.tlg001.msA:9.324	urn:cts:greekLit:tlg5026.msA.hmt:9.315,urn:cts:greekLit:tlg5026.msA.hmt:9.316,urn:cts:greekLit:tlg5026.msAint.hmt:9.326
urn:cts:greekLit:tlg0012.tlg001.msA:14.157	urn:cts:greekLit:tlg5026.msA.hmt:14.G11,urn:cts:greekLit:tlg5026.msAim.hmt:14.G4
urn:cts:greekLit:tlg0012.tlg001.msA:2.183	urn:cts:greekLit:tlg5026.msA.hmt:2.276,urn:cts:greekLit:tlg5026.msAint.hmt:2.291
urn:cts:greekLit:tlg0012.tlg001.msA:18.590	urn:cts:greekLit:tlg5026.msA.hmt:18.214,urn:cts:greekLit:tlg5026.msAint.hmt:18.52
urn:cts:greekLit:tlg0012.tlg001.msA:15.24	urn:cts:greekLit:tlg5026.msAim.hmt:15.1,urn:cts:greekLit:tlg5026.msAint.hmt:15.6
urn:cts:greekLit:tlg0012.tlg001.msA:15.563	urn:cts:greekLit:tlg5026.msA.hmt:15.158,urn:cts:greekLit:tlg5026.msAim.hmt:15.64
urn:cts:greekLit:tlg0012.tlg001.msA:9.681	urn:cts:greekLit:tlg5026.msA.hmt:9.642,urn:cts:greekLit:tlg5026.msAim.hmt:9.648
urn:cts:greekLit:tlg0012.tlg001.msA:10.291	urn:cts:greekLit:tlg5026.msA.hmt:10.2541,urn:cts:greekLit:tlg5026.msAim.hmt:10.2546
urn:cts:greekLit:tlg0012.tlg001.msA:9.694	urn:cts:greekLit:tlg5026.msA.hmt:9.662,urn:cts:greekLit:tlg5026.msA.hmt:9.697,urn:cts:greekLit:tlg5026.msAim.hmt:9.668,urn:cts:greekLit:tlg5026.msAint.hmt:9.670
urn:cts:greekLit:tlg0012.tlg001.msA:6.457	urn:cts:greekLit:tlg5026.msA.hmt:6.132,urn:cts:greekLit:tlg5026.msAim.hmt:6.273
urn:cts:greekLit:tlg0012.tlg001.msA:1.464	urn:cts:greekLit:tlg5026.msA.hmt:1.1179,urn:cts:greekLit:tlg5026.msAim.hmt:1.1189
urn:cts:greekLit:tlg0012.tlg001.msA:17.253	urn:cts:greekLit:tlg5026.msAim.hmt:17.33,urn:cts:greekLit:tlg5026.msAint.hmt:17.27
urn:cts:greekLit:tlg0012.tlg001.msA:3.152	urn:cts:greekLit:tlg5026.msA.hmt:3.249,urn:cts:greekLit:tlg5026.msA.hmt:3.252,urn:cts:greekLit:tlg5026.msAint.hmt:3.250
urn:cts:greekLit:tlg0012.tlg001.msA:17.65	urn:cts:greekLit:tlg5026.msA.hmt:17.30,urn:cts:greekLit:tlg5026.msAim.hmt:17.10
urn:cts:greekLit:tlg0012.tlg001.msA:17.242	urn:cts:greekLit:tlg5026.msA.hmt:17.104,urn:cts:greekLit:tlg5026.msAint.hmt:17.26
urn:cts:greekLit:tlg0012.tlg001.msA:17.202	urn:cts:greekLit:tlg5026.msA.hmt:17.85,urn:cts:greekLit:tlg5026.msA.hmt:17.86,urn:cts:greekLit:tlg5026.msAim.hmt:17.25
urn:cts:greekLit:tlg0012.tlg001.msA:17.644	urn:cts:greekLit:tlg5026.msA.hmt:17.130,urn:cts:greekLit:tlg5026.msAint.hmt:17.32
urn:cts:greekLit:tlg0012.tlg001.msA:6.31	urn:cts:greekLit:tlg5026.msA.hmt:6.12,urn:cts:greekLit:tlg5026.msAim.hmt:6.210
urn:cts:greekLit:tlg0012.tlg001.msA:9.67	urn:cts:greekLit:tlg5026.msAim.hmt:9.88,urn:cts:greekLit:tlg5026.msAint.hmt:9.94
urn:cts:greekLit:tlg0012.tlg001.msA:3.126	urn:cts:greekLit:tlg5026.msA.hmt:3.201,urn:cts:greekLit:tlg5026.msA.hmt:3.691,urn:cts:greekLit:tlg5026.msAint.hmt:3.692
urn:cts:greekLit:tlg0012.tlg001.msA:7.413	urn:cts:greekLit:tlg5026.msAim.hmt:7.3022,urn:cts:greekLit:tlg5026.msAint.hmt:7.3013
urn:cts:greekLit:tlg0012.tlg001.msA:17.231	urn:cts:greekLit:tlg5026.msA.hmt:17.100,urn:cts:greekLit:tlg5026.msAim.hmt:17.28
urn:cts:greekLit:tlg0012.tlg001.msA:9.401	urn:cts:greekLit:tlg5026.msA.hmt:9.384,urn:cts:greekLit:tlg5026.msAint.hmt:9.395
urn:cts:greekLit:tlg0012.tlg001.msA:10.306	urn:cts:greekLit:tlg5026.msA.hmt:10.3002,urn:cts:greekLit:tlg5026.msAim.hmt:10.3020,urn:cts:greekLit:tlg5026.msAint.hmt:10.3009
urn:cts:greekLit:tlg0012.tlg001.msA:7.146	urn:cts:greekLit:tlg5026.msA.hmt:7.1011,urn:cts:greekLit:tlg5026.msAim.hmt:7.1014
urn:cts:greekLit:tlg0012.tlg001.msA:5.729	urn:cts:greekLit:tlg5026.msA.hmt:5.4018,urn:cts:greekLit:tlg5026.msAim.hmt:5.4050
urn:cts:greekLit:tlg0012.tlg001.msA:7.359	urn:cts:greekLit:tlg5026.msA.hmt:7.2044,urn:cts:greekLit:tlg5026.msAint.hmt:7.2050
urn:cts:greekLit:tlg0012.tlg001.msA:1.97	urn:cts:greekLit:tlg5026.msA.hmt:1.104,urn:cts:greekLit:tlg5026.msAint.hmt:1.115
urn:cts:greekLit:tlg0012.tlg001.msA:11.455	urn:cts:greekLit:tlg5026.msA.hmt:11.175,urn:cts:greekLit:tlg5026.msAim.hmt:11.53
urn:cts:greekLit:tlg0012.tlg001.msA:18.265	urn:cts:greekLit:tlg5026.msA.hmt:18.96,urn:cts:greekLit:tlg5026.msAim.hmt:18.31
urn:cts:greekLit:tlg0012.tlg001.msA:9.562	urn:cts:greekLit:tlg5026.msA.hmt:9.527,urn:cts:greekLit:tlg5026.msA.hmt:9.528,urn:cts:greekLit:tlg5026.msAim.hmt:9.531
urn:cts:greekLit:tlg0012.tlg001.msA:17.54	urn:cts:greekLit:tlg5026.msA.hmt:17.29,urn:cts:greekLit:tlg5026.msAim.hmt:17.9
urn:cts:greekLit:tlg0012.tlg001.msA:5.227	urn:cts:greekLit:tlg5026.msA.hmt:5.1068,urn:cts:greekLit:tlg5026.msAim.hmt:5.6076
urn:cts:greekLit:tlg0012.tlg001.msA:1.169	urn:cts:greekLit:tlg5026.msAim.hmt:1.499,urn:cts:greekLit:tlg5026.msAint.hmt:1.504
urn:cts:greekLit:tlg0012.tlg001.msA:11.430	urn:cts:greekLit:tlg5026.msA.hmt:11.165,urn:cts:greekLit:tlg5026.msAim.hmt:11.52
urn:cts:greekLit:tlg0012.tlg001.msA:14.424	urn:cts:greekLit:tlg5026.msA.hmt:14.D16,urn:cts:greekLit:tlg5026.msAim.hmt:14.D6
urn:cts:greekLit:tlg0012.tlg001.msA:11.184	urn:cts:greekLit:tlg5026.msA.hmt:11.86,urn:cts:greekLit:tlg5026.msAim.hmt:11.22
urn:cts:greekLit:tlg0012.tlg001.msA:11.32	urn:cts:greekLit:tlg5026.msA.hmt:11.15,urn:cts:greekLit:tlg5026.msAint.hmt:11.4
urn:cts:greekLit:tlg0012.tlg001.msA:4.205	urn:cts:greekLit:tlg5026.msA.hmt:4.358,urn:cts:greekLit:tlg5026.msAim.hmt:4.816
urn:cts:greekLit:tlg0012.tlg001.msA:7.475	urn:cts:greekLit:tlg5026.msA.hmt:7.3034,urn:cts:greekLit:tlg5026.msAint.hmt:7.3008
urn:cts:greekLit:tlg0012.tlg001.msA:3.82	urn:cts:greekLit:tlg5026.msA.hmt:3.151,urn:cts:greekLit:tlg5026.msAim.hmt:3.686
urn:cts:greekLit:tlg0012.tlg001.msA:2.219	urn:cts:greekLit:tlg5026.msA.hmt:2.375,urn:cts:greekLit:tlg5026.msA.hmt:2.376,urn:cts:greekLit:tlg5026.msAim.hmt:2.391,urn:cts:greekLit:tlg5026.msAint.hmt:2.395
urn:cts:greekLit:tlg0012.tlg001.msA:4.195	urn:cts:greekLit:tlg5026.msA.hmt:4.348,urn:cts:greekLit:tlg5026.msAim.hmt:4.814
urn:cts:greekLit:tlg0012.tlg001.msA:9.584	urn:cts:greekLit:tlg5026.msA.hmt:9.553,urn:cts:greekLit:tlg5026.msAim.hmt:9.563
urn:cts:greekLit:tlg0012.tlg001.msA:3.10	urn:cts:greekLit:tlg5026.msA.hmt:3.23,urn:cts:greekLit:tlg5026.msAint.hmt:3.22
urn:cts:greekLit:tlg0012.tlg001.msA:9.56	urn:cts:greekLit:tlg5026.msA.hmt:9.60,urn:cts:greekLit:tlg5026.msA.hmt:9.61,urn:cts:greekLit:tlg5026.msAint.hmt:9.70
urn:cts:greekLit:tlg0012.tlg001.msA:11.600	urn:cts:greekLit:tlg5026.msA.hmt:11.220,urn:cts:greekLit:tlg5026.msAim.hmt:11.70,urn:cts:greekLit:tlg5026.msAint.hmt:11.32
urn:cts:greekLit:tlg0012.tlg001.msA:1.1	urn:cts:greekLit:tlg5026.msA.hmt:1.1,urn:cts:greekLit:tlg5026.msA.hmt:1.2,urn:cts:greekLit:tlg5026.msA.hmt:1.3,urn:cts:greekLit:tlg5026.msA.hmt:1.4,urn:cts:greekLit:tlg5026.msA.hmt:1.5,urn:cts:greekLit:tlg5026.msAim.hmt:1.17,urn:cts:greekLit:tlg5026.null.hmt:1.25
urn:cts:greekLit:tlg0012.tlg001.msA:7.5	urn:cts:greekLit:tlg5026.msA.hmt:7.1,urn:cts:greekLit:tlg5026.msAint.hmt:7.14
urn:cts:greekLit:tlg0012.tlg001.msA:1.332	urn:cts:greekLit:tlg5026.msA.hmt:1.929,urn:cts:greekLit:tlg5026.msAim.hmt:1.939
urn:cts:greekLit:tlg0012.tlg001.msA:11.640	urn:cts:greekLit:tlg5026.msA.hmt:11.235,urn:cts:greekLit:tlg5026.msAim.hmt:11.77
urn:cts:greekLit:tlg0012.tlg001.msA:11.1	urn:cts:greekLit:tlg5026.msA.hmt:11.1,urn:cts:greekLit:tlg5026.msAint.hmt:11.1
urn:cts:greekLit:tlg0012.tlg001.msA:7.436	urn:cts:greekLit:tlg5026.msA.hmt:7.3037,urn:cts:greekLit:tlg5026.msAim.hmt:7.3040
urn:cts:greekLit:tlg0012.tlg001.msA:9.685	urn:cts:greekLit:tlg5026.msA.hmt:9.643,urn:cts:greekLit:tlg5026.msAint.hmt:9.651
urn:cts:greekLit:tlg0012.tlg001.msA:15.639	urn:cts:greekLit:tlg5026.msA.hmt:15.172,urn:cts:greekLit:tlg5026.msAint.hmt:15.48
urn:cts:greekLit:tlg0012.tlg001.msA:5.208	urn:cts:greekLit:tlg5026.msAim.hmt:5.6058,urn:cts:greekLit:tlg5026.msAint.hmt:5.6064
urn:cts:greekLit:tlg0012.tlg001.msA:18.595	urn:cts:greekLit:tlg5026.msA.hmt:18.207a,urn:cts:greekLit:tlg5026.msAim.hmt:18.71
urn:cts:greekLit:tlg0012.tlg001.msA:1.420	urn:cts:greekLit:tlg5026.msA.hmt:1.1065,urn:cts:greekLit:tlg5026.msA.hmt:1.1066,urn:cts:greekLit:tlg5026.msA.hmt:1.1067,urn:cts:greekLit:tlg5026.msAim.hmt:1.1074
urn:cts:greekLit:tlg0012.tlg001.msA:6.336	urn:cts:greekLit:tlg5026.msA.hmt:6.108,urn:cts:greekLit:tlg5026.msA.hmt:6.109,urn:cts:greekLit:tlg5026.msAint.hmt:6.188
urn:cts:greekLit:tlg0012.tlg001.msA:10.332	urn:cts:greekLit:tlg5026.msA.hmt:10.3502,urn:cts:greekLit:tlg5026.msAim.hmt:10.3515
urn:cts:greekLit:tlg0012.tlg001.msA:18.506	urn:cts:greekLit:tlg5026.msA.hmt:18.178,urn:cts:greekLit:tlg5026.msA.hmt:18.179,urn:cts:greekLit:tlg5026.msA.hmt:18.180,urn:cts:greekLit:tlg5026.msAim.hmt:18.57,urn:cts:greekLit:tlg5026.msAint.hmt:18.42
urn:cts:greekLit:tlg0012.tlg001.msA:3.318	urn:cts:greekLit:tlg5026.msA.hmt:3.467,urn:cts:greekLit:tlg5026.msAim.hmt:3.739
urn:cts:greekLit:tlg0012.tlg001.msA:6.362	urn:cts:greekLit:tlg5026.msAim.hmt:6.255,urn:cts:greekLit:tlg5026.msAint.hmt:6.195
urn:cts:greekLit:tlg0012.tlg001.msA:4.243	urn:cts:greekLit:tlg5026.msA.hmt:4.415,urn:cts:greekLit:tlg5026.msAim.hmt:4.824
urn:cts:greekLit:tlg0012.tlg001.msA:1.249	urn:cts:greekLit:tlg5026.msA.hmt:1.665,urn:cts:greekLit:tlg5026.msA.hmt:1.666,urn:cts:greekLit:tlg5026.msAim.hmt:1.671
urn:cts:greekLit:tlg0012.tlg001.msA:8.545	urn:cts:greekLit:tlg5026.msA.hmt:8.343,urn:cts:greekLit:tlg5026.msAint.hmt:8.351
urn:cts:greekLit:tlg0012.tlg001.msA:15.86	urn:cts:greekLit:tlg5026.msA.hmt:15.30,urn:cts:greekLit:tlg5026.msAint.hmt:15.13
urn:cts:greekLit:tlg0012.tlg001.msA:14.58	urn:cts:greekLit:tlg5026.msA.hmt:14.E1,urn:cts:greekLit:tlg5026.msAint.hmt:14.E2
urn:cts:greekLit:tlg0012.tlg001.msA:1.65	urn:cts:greekLit:tlg5026.msA.hmt:1.74,urn:cts:greekLit:tlg5026.msAim.hmt:1.85,urn:cts:greekLit:tlg5026.msAint.hmt:1.91
urn:cts:greekLit:tlg0012.tlg001.msA:19.402	urn:cts:greekLit:tlg5026.msA.hmt:19.hc_17,urn:cts:greekLit:tlg5026.msAim.hmt:19.hc_7
urn:cts:greekLit:tlg0012.tlg001.msA:4.277	urn:cts:greekLit:tlg5026.msA.hmt:4.459,urn:cts:greekLit:tlg5026.msAim.hmt:4.832
urn:cts:greekLit:tlg0012.tlg001.msA:2.798	urn:cts:greekLit:tlg5026.msA.hmt:2.759,urn:cts:greekLit:tlg5026.msAint.hmt:2.770
urn:cts:greekLit:tlg0012.tlg001.msA:8.563	urn:cts:greekLit:tlg5026.msA.hmt:8.357,urn:cts:greekLit:tlg5026.msAim.hmt:8.359
urn:cts:greekLit:tlg0012.tlg001.msA:4.189	urn:cts:greekLit:tlg5026.msAim.hmt:4.813,urn:cts:greekLit:tlg5026.msAint.hmt:4.339
urn:cts:greekLit:tlg0012.tlg001.msA:8.408	urn:cts:greekLit:tlg5026.msA.hmt:8.261,urn:cts:greekLit:tlg5026.msAim.hmt:8.266
urn:cts:greekLit:tlg0012.tlg001.msA:14.125	urn:cts:greekLit:tlg5026.msA.hmt:14.E18,urn:cts:greekLit:tlg5026.msAim.hmt:14.E8,urn:cts:greekLit:tlg5026.msAint.hmt:14.E12
urn:cts:greekLit:tlg0012.tlg001.msA:14.48	urn:cts:greekLit:tlg5026.msA.hmt:14.B26,urn:cts:greekLit:tlg5026.msAint.hmt:14.B3
urn:cts:greekLit:tlg0012.tlg001.msA:1.581	urn:cts:greekLit:tlg5026.msAim.hmt:1.1451,urn:cts:greekLit:tlg5026.msAint.hmt:1.1455
urn:cts:greekLit:tlg0012.tlg001.msA:10.19	urn:cts:greekLit:tlg5026.msA.hmt:10.15,urn:cts:greekLit:tlg5026.msAim.hmt:10.34
urn:cts:greekLit:tlg0012.tlg001.msA:12.213	urn:cts:greekLit:tlg5026.msA.hmt:12.H15,urn:cts:greekLit:tlg5026.msAim.hmt:12.H4
urn:cts:greekLit:tlg0012.tlg001.msA:10.579	urn:cts:greekLit:tlg5026.msA.hmt:10.4663,urn:cts:greekLit:tlg5026.msAim.hmt:10.4665
urn:cts:greekLit:tlg0012.tlg001.msA:14.307	urn:cts:greekLit:tlg5026.msA.hmt:14.H20,urn:cts:greekLit:tlg5026.msAim.hmt:14.H5
urn:cts:greekLit:tlg0012.tlg001.msA:18.86	urn:cts:greekLit:tlg5026.msA.hmt:18.35,urn:cts:greekLit:tlg5026.msAim.hmt:18.9
urn:cts:greekLit:tlg0012.tlg001.msA:7.171	urn:cts:greekLit:tlg5026.msA.hmt:7.1024,urn:cts:greekLit:tlg5026.msA.hmt:7.1025,urn:cts:greekLit:tlg5026.msAim.hmt:7.1027,urn:cts:greekLit:tlg5026.msAint.hmt:7.1030
urn:cts:greekLit:tlg0012.tlg001.msA:7.167	urn:cts:greekLit:tlg5026.msA.hmt:7.1023,urn:cts:greekLit:tlg5026.msAint.hmt:7.1029
urn:cts:greekLit:tlg0012.tlg001.msA:18.526	urn:cts:greekLit:tlg5026.msA.hmt:18.190,urn:cts:greekLit:tlg5026.msAint.hmt:18.46
urn:cts:greekLit:tlg0012.tlg001.msA:12.350	urn:cts:greekLit:tlg5026.msA.hmt:12.H40,urn:cts:greekLit:tlg5026.msAint.hmt:12.H5
urn:cts:greekLit:tlg0012.tlg001.msA:15.626	urn:cts:greekLit:tlg5026.msA.hmt:15.168,urn:cts:greekLit:tlg5026.msAint.hmt:15.46
urn:cts:greekLit:tlg0012.tlg001.msA:6.373	urn:cts:greekLit:tlg5026.msAim.hmt:6.259,urn:cts:greekLit:tlg5026.msAint.hmt:6.196
urn:cts:greekLit:tlg0012.tlg001.msA:10.570	urn:cts:greekLit:tlg5026.msA.hmt:10.4658,urn:cts:greekLit:tlg5026.msAint.hmt:10.4667
urn:cts:greekLit:tlg0012.tlg001.msA:1.50	urn:cts:greekLit:tlg5026.msA.hmt:1.43,urn:cts:greekLit:tlg5026.msAim.hmt:1.54,urn:cts:greekLit:tlg5026.msAint.hmt:1.60,urn:cts:greekLit:tlg5026.null.hmt:1.44
urn:cts:greekLit:tlg0012.tlg001.msA:2.765	urn:cts:greekLit:tlg5026.msA.hmt:2.741,urn:cts:greekLit:tlg5026.msA.hmt:2.742,urn:cts:greekLit:tlg5026.msA.hmt:2.743,urn:cts:greekLit:tlg5026.msAim.hmt:2.748
urn:cts:greekLit:tlg0012.tlg001.msA:4.46	urn:cts:greekLit:tlg5026.msA.hmt:4.76,urn:cts:greekLit:tlg5026.msA.hmt:4.79,urn:cts:greekLit:tlg5026.msAim.hmt:4.793
urn:cts:greekLit:tlg0012.tlg001.msA:2.8	urn:cts:greekLit:tlg5026.msA.hmt:2.9,urn:cts:greekLit:tlg5026.msAint.hmt:2.15
urn:cts:greekLit:tlg0012.tlg001.msA:5.138	urn:cts:greekLit:tlg5026.msA.hmt:5.1042,urn:cts:greekLit:tlg5026.msAint.hmt:5.6046
urn:cts:greekLit:tlg0012.tlg001.msA:14.X	urn:cts:greekLit:tlg5026.msA.hmt:14.D18,urn:cts:greekLit:tlg5026.msA.hmt:14.D19,urn:cts:greekLit:tlg5026.msA.hmt:14.D20,urn:cts:greekLit:tlg5026.msAim.hmt:14.D7,urn:cts:greekLit:tlg5026.msAim.hmt:14.D8,urn:cts:greekLit:tlg5026.msAint.hmt:14.D6,urn:cts:greekLit:tlg5026.msAint.hmt:14.D7,urn:cts:greekLit:tlg5026.msAint.hmt:14.D8,urn:cts:greekLit:tlg5026.msAint.hmt:14.D9
urn:cts:greekLit:tlg0012.tlg001.msA:17.38	urn:cts:greekLit:tlg5026.msAim.hmt:17.5,urn:cts:greekLit:tlg5026.msAint.hmt:17.7
urn:cts:greekLit:tlg0012.tlg001.msA:9.63	urn:cts:greekLit:tlg5026.msA.hmt:9.81,urn:cts:greekLit:tlg5026.msAint.hmt:9.93
urn:cts:greekLit:tlg0012.tlg001.msA:15.161	urn:cts:greekLit:tlg5026.msAim.hmt:15.23,urn:cts:greekLit:tlg5026.msAint.hmt:15.18
urn:cts:greekLit:tlg0012.tlg001.msA:10.343	urn:cts:greekLit:tlg5026.msA.hmt:10.3509,urn:cts:greekLit:tlg5026.msAint.hmt:10.3520
urn:cts:greekLit:tlg0012.tlg001.msA:18.273	urn:cts:greekLit:tlg5026.msA.hmt:18.99,urn:cts:greekLit:tlg5026.msAim.hmt:18.33
urn:cts:greekLit:tlg0012.tlg001.msA:11.368	urn:cts:greekLit:tlg5026.msA.hmt:11.141,urn:cts:greekLit:tlg5026.msAim.hmt:11.39
urn:cts:greekLit:tlg0012.tlg001.msA:10.124	urn:cts:greekLit:tlg5026.msA.hmt:10.1009,urn:cts:greekLit:tlg5026.msAint.hmt:10.1015
urn:cts:greekLit:tlg0012.tlg001.msA:18.550	urn:cts:greekLit:tlg5026.msA.hmt:18.197,urn:cts:greekLit:tlg5026.msA.hmt:18.198,urn:cts:greekLit:tlg5026.msAint.hmt:18.48
urn:cts:greekLit:tlg0012.tlg001.msA:19.386	urn:cts:greekLit:tlg5026.msA.hmt:19.hc_12,urn:cts:greekLit:tlg5026.msA.hmt:19.hc_13,urn:cts:greekLit:tlg5026.msAint.hmt:19.hc_1
urn:cts:greekLit:tlg0012.tlg001.msA:1.251	urn:cts:greekLit:tlg5026.msA.hmt:1.720,urn:cts:greekLit:tlg5026.msAim.hmt:1.735
urn:cts:greekLit:tlg0012.tlg001.msA:14.114	urn:cts:greekLit:tlg5026.msA.hmt:14.E14,urn:cts:greekLit:tlg5026.msAint.hmt:14.E10
urn:cts:greekLit:tlg0012.tlg001.msA:14.351	urn:cts:greekLit:tlg5026.msA.hmt:14.A6,urn:cts:greekLit:tlg5026.msA.hmt:14.J1,urn:cts:greekLit:tlg5026.msAim.hmt:14.A2
urn:cts:greekLit:tlg0012.tlg001.msA:11.437	urn:cts:greekLit:tlg5026.msA.hmt:11.167,urn:cts:greekLit:tlg5026.msAint.hmt:11.18
urn:cts:greekLit:tlg0012.tlg001.msA:9.36	urn:cts:greekLit:tlg5026.msA.hmt:9.54,urn:cts:greekLit:tlg5026.msAim.hmt:9.63
urn:cts:greekLit:tlg0012.tlg001.msA:8.87	urn:cts:greekLit:tlg5026.msA.hmt:8.69,urn:cts:greekLit:tlg5026.msA.hmt:8.70,urn:cts:greekLit:tlg5026.msAim.hmt:8.73
urn:cts:greekLit:tlg0012.tlg001.msA:10.354	urn:cts:greekLit:tlg5026.msA.hmt:10.3542,urn:cts:greekLit:tlg5026.msAint.hmt:10.3559
urn:cts:greekLit:tlg0012.tlg001.msA:10.164	urn:cts:greekLit:tlg5026.msA.hmt:10.1527,urn:cts:greekLit:tlg5026.msA.hmt:10.1528,urn:cts:greekLit:tlg5026.msAint.hmt:10.1535
urn:cts:greekLit:tlg0012.tlg001.msA:10.142	urn:cts:greekLit:tlg5026.msA.hmt:10.1505,urn:cts:greekLit:tlg5026.msAim.hmt:10.1510
urn:cts:greekLit:tlg0012.tlg001.msA:1.421-1.422	urn:cts:greekLit:tlg5026.msA.hmt:1.1068,urn:cts:greekLit:tlg5026.msAint.hmt:1.1077
urn:cts:greekLit:tlg0012.tlg001.msA:18.492	urn:cts:greekLit:tlg5026.msAim.hmt:18.52,urn:cts:greekLit:tlg5026.msAint.hmt:18.40
urn:cts:greekLit:tlg0012.tlg001.msA:3.354	urn:cts:greekLit:tlg5026.msA.hmt:3.514,urn:cts:greekLit:tlg5026.msA.hmt:3.518,urn:cts:greekLit:tlg5026.msA.hmt:3.753,urn:cts:greekLit:tlg5026.msAim.hmt:3.756
urn:cts:greekLit:tlg0012.tlg001.msA:14.62	urn:cts:greekLit:tlg5026.msA.hmt:14.E3,urn:cts:greekLit:tlg5026.msAint.hmt:14.E3
urn:cts:greekLit:tlg0012.tlg001.msA:15.252	urn:cts:greekLit:tlg5026.msA.hmt:15.78,urn:cts:greekLit:tlg5026.msAim.hmt:15.37
urn:cts:greekLit:tlg0012.tlg001.msA:9.632	urn:cts:greekLit:tlg5026.msA.hmt:9.600,urn:cts:greekLit:tlg5026.msAim.hmt:9.603
urn:cts:greekLit:tlg0012.tlg001.msA:11.622	urn:cts:greekLit:tlg5026.msA.hmt:11.226,urn:cts:greekLit:tlg5026.msAim.hmt:11.75
urn:cts:greekLit:tlg0012.tlg001.msA:3.134	urn:cts:greekLit:tlg5026.msA.hmt:3.216,urn:cts:greekLit:tlg5026.msAim.hmt:3.706
urn:cts:greekLit:tlg0012.tlg001.msA:15.741	urn:cts:greekLit:tlg5026.msA.hmt:15.198,urn:cts:greekLit:tlg5026.msA.hmt:15.199,urn:cts:greekLit:tlg5026.msAim.hmt:15.78
urn:cts:greekLit:tlg0012.tlg001.msA:9.699	urn:cts:greekLit:tlg5026.msA.hmt:9.664,urn:cts:greekLit:tlg5026.msAint.hmt:9.672
urn:cts:greekLit:tlg0012.tlg001.msA:8.191	urn:cts:greekLit:tlg5026.msA.hmt:8.139,urn:cts:greekLit:tlg5026.msAint.hmt:8.144
urn:cts:greekLit:tlg0012.tlg001.msA:10.408	urn:cts:greekLit:tlg5026.msA.hmt:10.4006,urn:cts:greekLit:tlg5026.msAim.hmt:10.4004
urn:cts:greekLit:tlg0012.tlg001.msA:9.472	urn:cts:greekLit:tlg5026.msA.hmt:9.439,urn:cts:greekLit:tlg5026.msAim.hmt:9.448,urn:cts:greekLit:tlg5026.msAint.hmt:9.452
urn:cts:greekLit:tlg0012.tlg001.msA:5.75	urn:cts:greekLit:tlg5026.msA.hmt:5.1025,urn:cts:greekLit:tlg5026.msAim.hmt:5.6023
urn:cts:greekLit:tlg0012.tlg001.msA:8.163	urn:cts:greekLit:tlg5026.msA.hmt:8.121,urn:cts:greekLit:tlg5026.msAim.hmt:8.125
urn:cts:greekLit:tlg0012.tlg001.msA:4.412	urn:cts:greekLit:tlg5026.msA.hmt:4.626,urn:cts:greekLit:tlg5026.msA.hmt:4.631,urn:cts:greekLit:tlg5026.msAim.hmt:4.867
urn:cts:greekLit:tlg0012.tlg001.msA:2.123	urn:cts:greekLit:tlg5026.msA.hmt:2.178,urn:cts:greekLit:tlg5026.msAint.hmt:2.194
urn:cts:greekLit:tlg0012.tlg001.msA:2.116	urn:cts:greekLit:tlg5026.msA.hmt:2.174,urn:cts:greekLit:tlg5026.msAint.hmt:2.193
urn:cts:greekLit:tlg0012.tlg001.msA:9.653	urn:cts:greekLit:tlg5026.msA.hmt:9.618,urn:cts:greekLit:tlg5026.msAim.hmt:9.624,urn:cts:greekLit:tlg5026.msAint.hmt:9.627
urn:cts:greekLit:tlg0012.tlg001.msA:12.147	urn:cts:greekLit:tlg5026.msA.hmt:12.G9,urn:cts:greekLit:tlg5026.msAint.hmt:12.G3
urn:cts:greekLit:tlg0012.tlg001.msA:8.266	urn:cts:greekLit:tlg5026.msA.hmt:8.182,urn:cts:greekLit:tlg5026.msAim.hmt:8.186,urn:cts:greekLit:tlg5026.msAint.hmt:8.190
urn:cts:greekLit:tlg0012.tlg001.msA:15.681	urn:cts:greekLit:tlg5026.msAim.hmt:15.71,urn:cts:greekLit:tlg5026.msAint.hmt:15.52
urn:cts:greekLit:tlg0012.tlg001.msA:11.546	urn:cts:greekLit:tlg5026.msAim.hmt:11.65,urn:cts:greekLit:tlg5026.msAint.hmt:11.25
urn:cts:greekLit:tlg0012.tlg001.msA:18.28	urn:cts:greekLit:tlg5026.msAim.hmt:18.3,urn:cts:greekLit:tlg5026.msAint.hmt:18.4
urn:cts:greekLit:tlg0012.tlg001.msA:19.117	urn:cts:greekLit:tlg5026.msA.hmt:19.2015office10_8,urn:cts:greekLit:tlg5026.msAint.hmt:19.2015office10_3
urn:cts:greekLit:tlg0012.tlg001.msA:15.513	urn:cts:greekLit:tlg5026.msAim.hmt:15.59,urn:cts:greekLit:tlg5026.msAint.hmt:15.39
urn:cts:greekLit:tlg0012.tlg001.msA:1.229	urn:cts:greekLit:tlg5026.msA.hmt:1.655,urn:cts:greekLit:tlg5026.msAim.hmt:1.669
urn:cts:greekLit:tlg0012.tlg001.msA:15.330	urn:cts:greekLit:tlg5026.msA.hmt:15.96,urn:cts:greekLit:tlg5026.msAint.hmt:15.30
urn:cts:greekLit:tlg0012.tlg001.msA:6.285	urn:cts:greekLit:tlg5026.msA.hmt:6.96,urn:cts:greekLit:tlg5026.msAim.hmt:6.247
urn:cts:greekLit:tlg0012.tlg001.msA:14.16	urn:cts:greekLit:tlg5026.msA.hmt:14.B11,urn:cts:greekLit:tlg5026.msAim.hmt:14.B1
urn:cts:greekLit:tlg0012.tlg001.msA:8.505	urn:cts:greekLit:tlg5026.msAim.hmt:8.328,urn:cts:greekLit:tlg5026.msAint.hmt:8.335
urn:cts:greekLit:tlg0012.tlg001.msA:2.735	urn:cts:greekLit:tlg5026.msA.hmt:2.722,urn:cts:greekLit:tlg5026.msAim.hmt:2.729
urn:cts:greekLit:tlg0012.tlg001.msA:11.256	urn:cts:greekLit:tlg5026.msA.hmt:11.109,urn:cts:greekLit:tlg5026.msAim.hmt:11.25
urn:cts:greekLit:tlg0012.tlg001.msA:7.32	urn:cts:greekLit:tlg5026.msA.hmt:7.103,urn:cts:greekLit:tlg5026.msAim.hmt:7.108
urn:cts:greekLit:tlg0012.tlg001.msA:6.511	urn:cts:greekLit:tlg5026.msA.hmt:6.155,urn:cts:greekLit:tlg5026.msAim.hmt:6.278
urn:cts:greekLit:tlg0012.tlg001.msA:4.171	urn:cts:greekLit:tlg5026.msA.hmt:4.312,urn:cts:greekLit:tlg5026.msAim.hmt:4.810,urn:cts:greekLit:tlg5026.msAint.hmt:4.313
urn:cts:greekLit:tlg0012.tlg001.msA:18.579	urn:cts:greekLit:tlg5026.msA.hmt:18.206,urn:cts:greekLit:tlg5026.msAim.hmt:18.68
urn:cts:greekLit:tlg0012.tlg001.msA:2.258	urn:cts:greekLit:tlg5026.msA.hmt:2.415,urn:cts:greekLit:tlg5026.msAim.hmt:2.421
urn:cts:greekLit:tlg0012.tlg001.msA:11.144	urn:cts:greekLit:tlg5026.msA.hmt:11.69,urn:cts:greekLit:tlg5026.msAim.hmt:11.3003
urn:cts:greekLit:tlg0012.tlg001.msA:3.217	urn:cts:greekLit:tlg5026.msA.hmt:3.341,urn:cts:greekLit:tlg5026.msAim.hmt:3.720
urn:cts:greekLit:tlg0012.tlg001.msA:10.359	urn:cts:greekLit:tlg5026.msA.hmt:10.3544,urn:cts:greekLit:tlg5026.msA.hmt:10.3545,urn:cts:greekLit:tlg5026.msAim.hmt:10.3554,urn:cts:greekLit:tlg5026.msAint.hmt:10.3561
urn:cts:greekLit:tlg0012.tlg001.msA:8.450-8.451	urn:cts:greekLit:tlg5026.msA.hmt:8.279,urn:cts:greekLit:tlg5026.msAim.hmt:8.283
urn:cts:greekLit:tlg0012.tlg001.msA:19.27	urn:cts:greekLit:tlg5026.msA.hmt:19.2015office4_2,urn:cts:greekLit:tlg5026.msAim.hmt:19.2015office4_1
urn:cts:greekLit:tlg0012.tlg001.msA:3.97	urn:cts:greekLit:tlg5026.msA.hmt:3.163,urn:cts:greekLit:tlg5026.msAim.hmt:3.687
urn:cts:greekLit:tlg0012.tlg001.msA:9.383	urn:cts:greekLit:tlg5026.msA.hmt:9.363,urn:cts:greekLit:tlg5026.msAint.hmt:9.368
urn:cts:greekLit:tlg0012.tlg001.msA:14.340	urn:cts:greekLit:tlg5026.msA.hmt:14.A3,urn:cts:greekLit:tlg5026.msAim.hmt:14.A1
urn:cts:greekLit:tlg0012.tlg001.msA:6.135	urn:cts:greekLit:tlg5026.msA.hmt:6.42,urn:cts:greekLit:tlg5026.msAim.hmt:6.224
urn:cts:greekLit:tlg0012.tlg001.msA:9.128	urn:cts:greekLit:tlg5026.msA.hmt:9.134,urn:cts:greekLit:tlg5026.msAim.hmt:9.142,urn:cts:greekLit:tlg5026.msAint.hmt:9.143
urn:cts:greekLit:tlg0012.tlg001.msA:1.173	urn:cts:greekLit:tlg5026.msA.hmt:1.489,urn:cts:greekLit:tlg5026.msA.hmt:1.490,urn:cts:greekLit:tlg5026.msA.hmt:1.491,urn:cts:greekLit:tlg5026.msA.hmt:1.492,urn:cts:greekLit:tlg5026.msA.hmt:1.493,urn:cts:greekLit:tlg5026.msAim.hmt:1.500
urn:cts:greekLit:tlg0012.tlg001.msA:17.40	urn:cts:greekLit:tlg5026.msA.hmt:17.18,urn:cts:greekLit:tlg5026.msAim.hmt:17.6
urn:cts:greekLit:tlg0012.tlg001.msA:12.77	urn:cts:greekLit:tlg5026.msA.hmt:12.D1,urn:cts:greekLit:tlg5026.msAim.hmt:12.D2
urn:cts:greekLit:tlg0012.tlg001.msA:18.557	urn:cts:greekLit:tlg5026.msAim.hmt:18.64,urn:cts:greekLit:tlg5026.msAint.hmt:18.49
urn:cts:greekLit:tlg0012.tlg001.msA:18.576	urn:cts:greekLit:tlg5026.msA.hmt:18.205,urn:cts:greekLit:tlg5026.msAint.hmt:18.51
urn:cts:greekLit:tlg0012.tlg001.msA:9.7	urn:cts:greekLit:tlg5026.msA.hmt:9.8,urn:cts:greekLit:tlg5026.msAint.hmt:9.12
urn:cts:greekLit:tlg0012.tlg001.msA:5.105	urn:cts:greekLit:tlg5026.msA.hmt:5.6133,urn:cts:greekLit:tlg5026.msAint.hmt:5.6029
urn:cts:greekLit:tlg0012.tlg001.msA:2.53	urn:cts:greekLit:tlg5026.msA.hmt:2.63,urn:cts:greekLit:tlg5026.msA.hmt:2.64,urn:cts:greekLit:tlg5026.msA.hmt:2.65,urn:cts:greekLit:tlg5026.msAint.hmt:2.73
urn:cts:greekLit:tlg0012.tlg001.msA:5.203	urn:cts:greekLit:tlg5026.msA.hmt:5.1062,urn:cts:greekLit:tlg5026.msAint.hmt:5.6063
urn:cts:greekLit:tlg0012.tlg001.msA:14.499	urn:cts:greekLit:tlg5026.msA.hmt:14.F7,urn:cts:greekLit:tlg5026.msAint.hmt:14.F1
urn:cts:greekLit:tlg0012.tlg001.msA:1.293	urn:cts:greekLit:tlg5026.msA.hmt:1.799,urn:cts:greekLit:tlg5026.msAint.hmt:1.808
urn:cts:greekLit:tlg0012.tlg001.msA:9.143	urn:cts:greekLit:tlg5026.msA.hmt:9.158,urn:cts:greekLit:tlg5026.msA.hmt:9.159,urn:cts:greekLit:tlg5026.msAim.hmt:9.168
urn:cts:greekLit:tlg0012.tlg001.msA:15.531	urn:cts:greekLit:tlg5026.msA.hmt:15.151,urn:cts:greekLit:tlg5026.msAim.hmt:15.60
urn:cts:greekLit:tlg0012.tlg001.msA:12.40	urn:cts:greekLit:tlg5026.msA.hmt:12.B7,urn:cts:greekLit:tlg5026.msAint.hmt:12.B3
urn:cts:greekLit:tlg0012.tlg001.msA:17.2	urn:cts:greekLit:tlg5026.msA.hmt:17.2,urn:cts:greekLit:tlg5026.msA.hmt:17.3,urn:cts:greekLit:tlg5026.msAint.hmt:17.1
urn:cts:greekLit:tlg0012.tlg001.msA:8.480	urn:cts:greekLit:tlg5026.msA.hmt:8.307,urn:cts:greekLit:tlg5026.msAim.hmt:8.2004
urn:cts:greekLit:tlg0012.tlg001.msA:9.657	urn:cts:greekLit:tlg5026.msA.hmt:9.620,urn:cts:greekLit:tlg5026.msAim.hmt:9.626
urn:cts:greekLit:tlg0012.tlg001.msA:11.27	urn:cts:greekLit:tlg5026.msA.hmt:11.13,urn:cts:greekLit:tlg5026.msAim.hmt:11.3
urn:cts:greekLit:tlg0012.tlg001.msA:9.464	urn:cts:greekLit:tlg5026.msA.hmt:9.437,urn:cts:greekLit:tlg5026.msAim.hmt:9.447
urn:cts:greekLit:tlg0012.tlg001.msA:1.556	urn:cts:greekLit:tlg5026.msA.hmt:1.1392,urn:cts:greekLit:tlg5026.msAint.hmt:1.1405
urn:cts:greekLit:tlg0012.tlg001.msA:17.664	urn:cts:greekLit:tlg5026.msAim.hmt:17.48,urn:cts:greekLit:tlg5026.msAint.hmt:17.35
urn:cts:greekLit:tlg0012.tlg001.msA:9.180	urn:cts:greekLit:tlg5026.msA.hmt:9.192,urn:cts:greekLit:tlg5026.msAint.hmt:9.198
urn:cts:greekLit:tlg0012.tlg001.msA:10.461	urn:cts:greekLit:tlg5026.msAim.hmt:10.4550,urn:cts:greekLit:tlg5026.msAint.hmt:10.4554
urn:cts:greekLit:tlg0012.tlg001.msA:11.630	urn:cts:greekLit:tlg5026.msA.hmt:11.227,urn:cts:greekLit:tlg5026.msAint.hmt:11.34
urn:cts:greekLit:tlg0012.tlg001.msA:8.491	urn:cts:greekLit:tlg5026.msA.hmt:8.310,urn:cts:greekLit:tlg5026.msA.hmt:8.312,urn:cts:greekLit:tlg5026.msAim.hmt:8.315
urn:cts:greekLit:tlg0012.tlg001.msA:9.446	urn:cts:greekLit:tlg5026.msA.hmt:9.409,urn:cts:greekLit:tlg5026.msAint.hmt:9.424
urn:cts:greekLit:tlg0012.tlg001.msA:18.269	urn:cts:greekLit:tlg5026.msA.hmt:18.97,urn:cts:greekLit:tlg5026.msAim.hmt:18.32
urn:cts:greekLit:tlg0012.tlg001.msA:1.39	urn:cts:greekLit:tlg5026.msA.hmt:1.39,urn:cts:greekLit:tlg5026.msA.hmt:1.40,urn:cts:greekLit:tlg5026.msA.hmt:1.41,urn:cts:greekLit:tlg5026.msAint.hmt:1.56
urn:cts:greekLit:tlg0012.tlg001.msA:12.468	urn:cts:greekLit:tlg5026.msA.hmt:12.J7,urn:cts:greekLit:tlg5026.msAim.hmt:12.J4
urn:cts:greekLit:tlg0012.tlg001.msA:7.6	urn:cts:greekLit:tlg5026.msA.hmt:7.2,urn:cts:greekLit:tlg5026.msA.hmt:7.3,urn:cts:greekLit:tlg5026.msAint.hmt:7.15
urn:cts:greekLit:tlg0012.tlg001.msA:11.227	urn:cts:greekLit:tlg5026.msA.hmt:11.97,urn:cts:greekLit:tlg5026.msA.hmt:11.98,urn:cts:greekLit:tlg5026.msAint.hmt:11.9
urn:cts:greekLit:tlg0012.tlg001.msA:9.34	urn:cts:greekLit:tlg5026.msA.hmt:9.37,urn:cts:greekLit:tlg5026.msAim.hmt:9.40,urn:cts:greekLit:tlg5026.msAim.hmt:9.53
urn:cts:greekLit:tlg0012.tlg001.msA:18.400	urn:cts:greekLit:tlg5026.msA.hmt:18.139,urn:cts:greekLit:tlg5026.msAim.hmt:18.41
urn:cts:greekLit:tlg0012.tlg001.msA:9.457	urn:cts:greekLit:tlg5026.msA.hmt:9.417,urn:cts:greekLit:tlg5026.msAim.hmt:9.422
urn:cts:greekLit:tlg0012.tlg001.msA:8.415	urn:cts:greekLit:tlg5026.msA.hmt:8.264,urn:cts:greekLit:tlg5026.msAim.hmt:8.267
urn:cts:greekLit:tlg0012.tlg001.msA:3.151	urn:cts:greekLit:tlg5026.msA.hmt:3.245,urn:cts:greekLit:tlg5026.msAim.hmt:3.709
urn:cts:greekLit:tlg0012.tlg001.msA:17.110	urn:cts:greekLit:tlg5026.msA.hmt:17.48,urn:cts:greekLit:tlg5026.msAint.hmt:17.15
urn:cts:greekLit:tlg0012.tlg001.msA:3.270	urn:cts:greekLit:tlg5026.msA.hmt:3.402,urn:cts:greekLit:tlg5026.msAint.hmt:3.403
urn:cts:greekLit:tlg0012.tlg001.msA:1.567	urn:cts:greekLit:tlg5026.msA.hmt:1.1396,urn:cts:greekLit:tlg5026.msAim.hmt:1.1403,urn:cts:greekLit:tlg5026.msAint.hmt:1.1407
urn:cts:greekLit:tlg0012.tlg001.msA:15.155	urn:cts:greekLit:tlg5026.msA.hmt:15.47,urn:cts:greekLit:tlg5026.msAint.hmt:15.16
urn:cts:greekLit:tlg0012.tlg001.msA:9.239	urn:cts:greekLit:tlg5026.msA.hmt:9.272,urn:cts:greekLit:tlg5026.msAim.hmt:9.281
urn:cts:greekLit:tlg0012.tlg001.msA:18.53	urn:cts:greekLit:tlg5026.msAim.hmt:18.6,urn:cts:greekLit:tlg5026.msAint.hmt:18.6
urn:cts:greekLit:tlg0012.tlg001.msA:18.222	urn:cts:greekLit:tlg5026.msA.hmt:18.81,urn:cts:greekLit:tlg5026.msAint.hmt:18.20
urn:cts:greekLit:tlg0012.tlg001.msA:1.366	urn:cts:greekLit:tlg5026.msA.hmt:1.996,urn:cts:greekLit:tlg5026.msA.hmt:1.997,urn:cts:greekLit:tlg5026.msAim.hmt:1.1000
urn:cts:greekLit:tlg0012.tlg001.msA:14.324	urn:cts:greekLit:tlg5026.msA.hmt:14.H27,urn:cts:greekLit:tlg5026.msAint.hmt:14.H5
urn:cts:greekLit:tlg0012.tlg001.msA:6.434	urn:cts:greekLit:tlg5026.msAim.hmt:6.269,urn:cts:greekLit:tlg5026.msAint.hmt:6.201
urn:cts:greekLit:tlg0012.tlg001.msA:19.79	urn:cts:greekLit:tlg5026.msA.hmt:19.2015office9_3,urn:cts:greekLit:tlg5026.msAint.hmt:19.2015office9_1
urn:cts:greekLit:tlg0012.tlg001.msA:5.333	urn:cts:greekLit:tlg5026.msA.hmt:5.2033,urn:cts:greekLit:tlg5026.msA.hmt:5.2034,urn:cts:greekLit:tlg5026.msAim.hmt:5.2041
urn:cts:greekLit:tlg0012.tlg001.msA:1.424	urn:cts:greekLit:tlg5026.msAim.hmt:1.1075,urn:cts:greekLit:tlg5026.msAint.hmt:1.1078
urn:cts:greekLit:tlg0012.tlg001.msA:2.446	urn:cts:greekLit:tlg5026.msA.hmt:2.546,urn:cts:greekLit:tlg5026.msAint.hmt:2.562
urn:cts:greekLit:tlg0012.tlg001.msA:9.109	urn:cts:greekLit:tlg5026.msA.hmt:9.112,urn:cts:greekLit:tlg5026.msAim.hmt:9.119
urn:cts:greekLit:tlg0012.tlg001.msA:10.478	urn:cts:greekLit:tlg5026.msAim.hmt:10.4583,urn:cts:greekLit:tlg5026.msAint.hmt:10.4589
urn:cts:greekLit:tlg0012.tlg001.msA:9.349	urn:cts:greekLit:tlg5026.msA.hmt:9.340,urn:cts:greekLit:tlg5026.msAim.hmt:9.345
urn:cts:greekLit:tlg0012.tlg001.msA:2.388	urn:cts:greekLit:tlg5026.msA.hmt:2.517,urn:cts:greekLit:tlg5026.msAim.hmt:2.527
urn:cts:greekLit:tlg0012.tlg001.msA:9.18	urn:cts:greekLit:tlg5026.msA.hmt:9.31,urn:cts:greekLit:tlg5026.msAint.hmt:9.42
urn:cts:greekLit:tlg0012.tlg001.msA:8.377	urn:cts:greekLit:tlg5026.msA.hmt:8.247,urn:cts:greekLit:tlg5026.msAint.hmt:8.257
urn:cts:greekLit:tlg0012.tlg001.msA:7.114	urn:cts:greekLit:tlg5026.msA.hmt:7.407,urn:cts:greekLit:tlg5026.msAim.hmt:7.409
urn:cts:greekLit:tlg0012.tlg001.msA:5.638	urn:cts:greekLit:tlg5026.msA.hmt:5.3001,urn:cts:greekLit:tlg5026.msA.hmt:5.3002,urn:cts:greekLit:tlg5026.msAim.hmt:5.3006
urn:cts:greekLit:tlg0012.tlg001.msA:10.265	urn:cts:greekLit:tlg5026.msA.hmt:10.2506,urn:cts:greekLit:tlg5026.msA.hmt:10.2507,urn:cts:greekLit:tlg5026.msAim.hmt:10.2514
urn:cts:greekLit:tlg0012.tlg001.msA:11.539	urn:cts:greekLit:tlg5026.msA.hmt:11.201,urn:cts:greekLit:tlg5026.msA.hmt:11.202,urn:cts:greekLit:tlg5026.msAim.hmt:11.63
urn:cts:greekLit:tlg0012.tlg001.msA:10.387	urn:cts:greekLit:tlg5026.msA.hmt:10.3577,urn:cts:greekLit:tlg5026.msAim.hmt:10.3583,urn:cts:greekLit:tlg5026.msAint.hmt:10.3586
urn:cts:greekLit:tlg0012.tlg001.msA:11.391	urn:cts:greekLit:tlg5026.msA.hmt:11.152,urn:cts:greekLit:tlg5026.msAint.hmt:11.14
urn:cts:greekLit:tlg0012.tlg001.msA:2.435	urn:cts:greekLit:tlg5026.msA.hmt:2.534,urn:cts:greekLit:tlg5026.msA.hmt:2.535,urn:cts:greekLit:tlg5026.msAim.hmt:2.540
urn:cts:greekLit:tlg0012.tlg001.msA:11.104	urn:cts:greekLit:tlg5026.msA.hmt:11.53,urn:cts:greekLit:tlg5026.msAim.hmt:11.13
urn:cts:greekLit:tlg0012.tlg001.msA:15.X	urn:cts:greekLit:tlg5026.msA.hmt:15.48,urn:cts:greekLit:tlg5026.msAim.hmt:15.53
urn:cts:greekLit:tlg0012.tlg001.msA:14.69	urn:cts:greekLit:tlg5026.msAim.hmt:14.E1,urn:cts:greekLit:tlg5026.msAint.hmt:14.E5
urn:cts:greekLit:tlg0012.tlg001.msA:10.495	urn:cts:greekLit:tlg5026.msA.hmt:10.4579,urn:cts:greekLit:tlg5026.msAim.hmt:10.4586
urn:cts:greekLit:tlg0012.tlg001.msA:14.376	urn:cts:greekLit:tlg5026.msA.hmt:14.A10,urn:cts:greekLit:tlg5026.msA.hmt:14.A11,urn:cts:greekLit:tlg5026.msAim.hmt:14.A6,urn:cts:greekLit:tlg5026.msAint.hmt:14.A2
urn:cts:greekLit:tlg0012.tlg001.msA:5.158	urn:cts:greekLit:tlg5026.msA.hmt:5.1049,urn:cts:greekLit:tlg5026.msAint.hmt:5.6050
urn:cts:greekLit:tlg0012.tlg001.msA:10.431	urn:cts:greekLit:tlg5026.msA.hmt:10.4511,urn:cts:greekLit:tlg5026.msAim.hmt:10.4522
urn:cts:greekLit:tlg0012.tlg001.msA:18.68	urn:cts:greekLit:tlg5026.msA.hmt:18.31,urn:cts:greekLit:tlg5026.msAim.hmt:18.7
urn:cts:greekLit:tlg0012.tlg001.msA:14.299	urn:cts:greekLit:tlg5026.msA.hmt:14.H18,urn:cts:greekLit:tlg5026.msAint.hmt:14.H3
urn:cts:greekLit:tlg0012.tlg001.msA:5.787	urn:cts:greekLit:tlg5026.msAim.hmt:5.4059,urn:cts:greekLit:tlg5026.msAim.hmt:5.4060,urn:cts:greekLit:tlg5026.msAint.hmt:5.4073
urn:cts:greekLit:tlg0012.tlg001.msA:17.607	urn:cts:greekLit:tlg5026.msA.hmt:17.121,urn:cts:greekLit:tlg5026.msAim.hmt:17.41
urn:cts:greekLit:tlg0012.tlg001.msA:1.393	urn:cts:greekLit:tlg5026.msA.hmt:1.1035,urn:cts:greekLit:tlg5026.msAim.hmt:1.1042
urn:cts:greekLit:tlg0012.tlg001.msA:9.235	urn:cts:greekLit:tlg5026.msAim.hmt:9.280,urn:cts:greekLit:tlg5026.msAint.hmt:9.286
urn:cts:greekLit:tlg0012.tlg001.msA:11.38	urn:cts:greekLit:tlg5026.msA.hmt:11.19,urn:cts:greekLit:tlg5026.msAint.hmt:11.5
urn:cts:greekLit:tlg0012.tlg001.msA:14.147	urn:cts:greekLit:tlg5026.msA.hmt:14.G9,urn:cts:greekLit:tlg5026.msAim.hmt:14.G2
urn:cts:greekLit:tlg0012.tlg001.msA:1.564	urn:cts:greekLit:tlg5026.msA.hmt:1.1394,urn:cts:greekLit:tlg5026.msAim.hmt:1.1402
urn:cts:greekLit:tlg0012.tlg001.msA:6.266	urn:cts:greekLit:tlg5026.msAim.hmt:6.243,urn:cts:greekLit:tlg5026.msAint.hmt:6.183
urn:cts:greekLit:tlg0012.tlg001.msA:2.203	urn:cts:greekLit:tlg5026.msAim.hmt:2.329,urn:cts:greekLit:tlg5026.msAint.hmt:2.335
urn:cts:greekLit:tlg0012.tlg001.msA:6.513	urn:cts:greekLit:tlg5026.msA.hmt:6.156,urn:cts:greekLit:tlg5026.msAim.hmt:6.279
urn:cts:greekLit:tlg0012.tlg001.msA:8.349	urn:cts:greekLit:tlg5026.msA.hmt:8.233,urn:cts:greekLit:tlg5026.msAim.hmt:8.244
urn:cts:greekLit:tlg0012.tlg001.msA:1.268	urn:cts:greekLit:tlg5026.msA.hmt:1.729,urn:cts:greekLit:tlg5026.msA.hmt:1.730,urn:cts:greekLit:tlg5026.msA.hmt:1.731,urn:cts:greekLit:tlg5026.msAint.hmt:1.739
urn:cts:greekLit:tlg0012.tlg001.msA:14.400	urn:cts:greekLit:tlg5026.msA.hmt:14.D,urn:cts:greekLit:tlg5026.msA.hmt:14.D7,urn:cts:greekLit:tlg5026.msAim.hmt:14.D3
urn:cts:greekLit:tlg0012.tlg001.msA:3.371	urn:cts:greekLit:tlg5026.msA.hmt:3.541,urn:cts:greekLit:tlg5026.msA.hmt:3.546,urn:cts:greekLit:tlg5026.msAim.hmt:3.758
urn:cts:greekLit:tlg0012.tlg001.msA:15.27	urn:cts:greekLit:tlg5026.msA.hmt:15.19,urn:cts:greekLit:tlg5026.msAim.hmt:15.2
urn:cts:greekLit:tlg0012.tlg001.msA:14.148	urn:cts:greekLit:tlg5026.msA.hmt:14.G8,urn:cts:greekLit:tlg5026.msAint.hmt:14.G3
urn:cts:greekLit:tlg0012.tlg001.msA:3.326	urn:cts:greekLit:tlg5026.msAim.hmt:3.741,urn:cts:greekLit:tlg5026.msAint.hmt:3.478
urn:cts:greekLit:tlg0012.tlg001.msA:8.53	urn:cts:greekLit:tlg5026.msA.hmt:8.45,urn:cts:greekLit:tlg5026.msAint.hmt:8.54
urn:cts:greekLit:tlg0012.tlg001.msA:4.384	urn:cts:greekLit:tlg5026.msAim.hmt:4.855,urn:cts:greekLit:tlg5026.msAint.hmt:4.592
urn:cts:greekLit:tlg0012.tlg001.msA:11.589	urn:cts:greekLit:tlg5026.msA.hmt:11.218,urn:cts:greekLit:tlg5026.msAint.hmt:11.29
urn:cts:greekLit:tlg0012.tlg001.msA:9.53	urn:cts:greekLit:tlg5026.msA.hmt:9.58,urn:cts:greekLit:tlg5026.msAint.hmt:9.69
urn:cts:greekLit:tlg0012.tlg001.msA:2.448	urn:cts:greekLit:tlg5026.msA.hmt:2.549,urn:cts:greekLit:tlg5026.msAint.hmt:2.563
urn:cts:greekLit:tlg0012.tlg001.msA:2.96	urn:cts:greekLit:tlg5026.msA.hmt:2.126,urn:cts:greekLit:tlg5026.msAim.hmt:2.137
urn:cts:greekLit:tlg0012.tlg001.msA:17.37	urn:cts:greekLit:tlg5026.msA.hmt:17.15,urn:cts:greekLit:tlg5026.msA.hmt:17.16,urn:cts:greekLit:tlg5026.msAint.hmt:17.6
urn:cts:greekLit:tlg0012.tlg001.msA:2.102	urn:cts:greekLit:tlg5026.msA.hmt:2.127,urn:cts:greekLit:tlg5026.msAint.hmt:2.144
urn:cts:greekLit:tlg0012.tlg001.msA:5.31	urn:cts:greekLit:tlg5026.msA.hmt:5.1012,urn:cts:greekLit:tlg5026.msA.hmt:5.1013,urn:cts:greekLit:tlg5026.msAim.hmt:5.6007
urn:cts:greekLit:tlg0012.tlg001.msA:14.119	urn:cts:greekLit:tlg5026.msA.hmt:14.E16,urn:cts:greekLit:tlg5026.msAim.hmt:14.E7,urn:cts:greekLit:tlg5026.msAint.hmt:14.E11
urn:cts:greekLit:tlg0012.tlg001.msA:8.270	urn:cts:greekLit:tlg5026.msAim.hmt:8.187,urn:cts:greekLit:tlg5026.msAint.hmt:8.191
urn:cts:greekLit:tlg0012.tlg001.msA:4.497	urn:cts:greekLit:tlg5026.msA.hmt:4.733,urn:cts:greekLit:tlg5026.msAint.hmt:4.734
urn:cts:greekLit:tlg0012.tlg001.msA:2.755	urn:cts:greekLit:tlg5026.msA.hmt:2.738,urn:cts:greekLit:tlg5026.msA.hmt:2.739,urn:cts:greekLit:tlg5026.msAim.hmt:2.746
urn:cts:greekLit:tlg0012.tlg001.msA:11.55	urn:cts:greekLit:tlg5026.msA.hmt:11.31,urn:cts:greekLit:tlg5026.msAint.hmt:11.6
urn:cts:greekLit:tlg0012.tlg001.msA:3.25	urn:cts:greekLit:tlg5026.msA.hmt:3.50,urn:cts:greekLit:tlg5026.msAint.hmt:3.55
urn:cts:greekLit:tlg0012.tlg001.msA:10.364	urn:cts:greekLit:tlg5026.msA.hmt:10.3548,urn:cts:greekLit:tlg5026.msA.hmt:10.3549,urn:cts:greekLit:tlg5026.msA.hmt:10.3550,urn:cts:greekLit:tlg5026.msAim.hmt:10.3555
urn:cts:greekLit:tlg0012.tlg001.msA:18.100	urn:cts:greekLit:tlg5026.msA.hmt:18.39,urn:cts:greekLit:tlg5026.msA.hmt:18.40,urn:cts:greekLit:tlg5026.msA.hmt:18.41,urn:cts:greekLit:tlg5026.msAim.hmt:18.13
urn:cts:greekLit:tlg0012.tlg001.msA:2.739	urn:cts:greekLit:tlg5026.msA.hmt:2.723,urn:cts:greekLit:tlg5026.msAim.hmt:2.730
urn:cts:greekLit:tlg0012.tlg001.msA:5.785	urn:cts:greekLit:tlg5026.msA.hmt:5.4035,urn:cts:greekLit:tlg5026.msAim.hmt:5.4058
urn:cts:greekLit:tlg0012.tlg001.msA:2.122	urn:cts:greekLit:tlg5026.msA.hmt:2.177,urn:cts:greekLit:tlg5026.msAim.hmt:2.189
urn:cts:greekLit:tlg0012.tlg001.msA:11.413	urn:cts:greekLit:tlg5026.msA.hmt:11.158,urn:cts:greekLit:tlg5026.msA.hmt:11.159,urn:cts:greekLit:tlg5026.msA.hmt:11.160,urn:cts:greekLit:tlg5026.msAim.hmt:11.47
urn:cts:greekLit:tlg0012.tlg001.msA:4.400	urn:cts:greekLit:tlg5026.msA.hmt:4.858,urn:cts:greekLit:tlg5026.msAim.hmt:4.862
urn:cts:greekLit:tlg0012.tlg001.msA:9.225	urn:cts:greekLit:tlg5026.msA.hmt:9.254,urn:cts:greekLit:tlg5026.msA.hmt:9.255,urn:cts:greekLit:tlg5026.msAim.hmt:9.260
urn:cts:greekLit:tlg0012.tlg001.msA:7.177	urn:cts:greekLit:tlg5026.msA.hmt:7.1033,urn:cts:greekLit:tlg5026.msAim.hmt:7.1040
urn:cts:greekLit:tlg0012.tlg001.msA:9.145	urn:cts:greekLit:tlg5026.msA.hmt:9.160,urn:cts:greekLit:tlg5026.msAim.hmt:9.169
urn:cts:greekLit:tlg0012.tlg001.msA:5.842	urn:cts:greekLit:tlg5026.msA.hmt:5.5001,urn:cts:greekLit:tlg5026.msAint.hmt:5.5008
urn:cts:greekLit:tlg0012.tlg001.msA:10.349	urn:cts:greekLit:tlg5026.msA.hmt:10.3510,urn:cts:greekLit:tlg5026.msAim.hmt:10.3519,urn:cts:greekLit:tlg5026.msAint.hmt:10.3523
urn:cts:greekLit:tlg0012.tlg001.msA:17.153	urn:cts:greekLit:tlg5026.msA.hmt:17.64,urn:cts:greekLit:tlg5026.msAint.hmt:17.18
urn:cts:greekLit:tlg0012.tlg001.msA:4.527	urn:cts:greekLit:tlg5026.msAim.hmt:4.884,urn:cts:greekLit:tlg5026.msAint.hmt:4.774
urn:cts:greekLit:tlg0012.tlg001.msA:3.362	urn:cts:greekLit:tlg5026.msA.hmt:3.523,urn:cts:greekLit:tlg5026.msAim.hmt:3.757
urn:cts:greekLit:tlg0012.tlg001.msA:9.540	urn:cts:greekLit:tlg5026.msA.hmt:9.520,urn:cts:greekLit:tlg5026.msAim.hmt:9.529
urn:cts:greekLit:tlg0012.tlg001.msA:8.157	urn:cts:greekLit:tlg5026.msA.hmt:8.119,urn:cts:greekLit:tlg5026.msAim.hmt:8.124
urn:cts:greekLit:tlg0012.tlg001.msA:2.164	urn:cts:greekLit:tlg5026.msA.hmt:2.274,urn:cts:greekLit:tlg5026.msAint.hmt:2.286
urn:cts:greekLit:tlg0012.tlg001.msA:9.4	urn:cts:greekLit:tlg5026.msA.hmt:9.5,urn:cts:greekLit:tlg5026.msAim.hmt:9.10,urn:cts:greekLit:tlg5026.msAim.hmt:9.9
urn:cts:greekLit:tlg0012.tlg001.msA:15.417	urn:cts:greekLit:tlg5026.msA.hmt:15.121,urn:cts:greekLit:tlg5026.msAint.hmt:15.37
urn:cts:greekLit:tlg0012.tlg001.msA:9.23	urn:cts:greekLit:tlg5026.msA.hmt:9.33,urn:cts:greekLit:tlg5026.msAint.hmt:9.44
urn:cts:greekLit:tlg0012.tlg001.msA:12.211	urn:cts:greekLit:tlg5026.msA.hmt:12.H14,urn:cts:greekLit:tlg5026.msAim.hmt:12.H3
urn:cts:greekLit:tlg0012.tlg001.msA:1.204	urn:cts:greekLit:tlg5026.msA.hmt:1.595,urn:cts:greekLit:tlg5026.msA.hmt:1.596,urn:cts:greekLit:tlg5026.msAint.hmt:1.617
urn:cts:greekLit:tlg0012.tlg001.msA:12.286	urn:cts:greekLit:tlg5026.msA.hmt:12.G23,urn:cts:greekLit:tlg5026.msAint.hmt:12.G8
urn:cts:greekLit:tlg0012.tlg001.msA:14.241	urn:cts:greekLit:tlg5026.msA.hmt:14.C24,urn:cts:greekLit:tlg5026.msA.hmt:14.C25,urn:cts:greekLit:tlg5026.msAint.hmt:14.C9
urn:cts:greekLit:tlg0012.tlg001.msA:14.45	urn:cts:greekLit:tlg5026.msA.hmt:14.B25,urn:cts:greekLit:tlg5026.msAim.hmt:14.B5
urn:cts:greekLit:tlg0012.tlg001.msA:6.415	urn:cts:greekLit:tlg5026.msAim.hmt:6.264,urn:cts:greekLit:tlg5026.msAint.hmt:6.200
urn:cts:greekLit:tlg0012.tlg001.msA:1.73	urn:cts:greekLit:tlg5026.msAim.hmt:1.87,urn:cts:greekLit:tlg5026.msAint.hmt:1.92
urn:cts:greekLit:tlg0012.tlg001.msA:12.382	urn:cts:greekLit:tlg5026.msA.hmt:12.G32,urn:cts:greekLit:tlg5026.msAim.hmt:12.G6
urn:cts:greekLit:tlg0012.tlg001.msA:12.46	urn:cts:greekLit:tlg5026.msA.hmt:12.B8,urn:cts:greekLit:tlg5026.msAint.hmt:12.B5
urn:cts:greekLit:tlg0012.tlg001.msA:4.319	urn:cts:greekLit:tlg5026.msA.hmt:4.510,urn:cts:greekLit:tlg5026.msAim.hmt:4.845
urn:cts:greekLit:tlg0012.tlg001.msA:6.400	urn:cts:greekLit:tlg5026.msA.hmt:6.118,urn:cts:greekLit:tlg5026.msAim.hmt:6.261,urn:cts:greekLit:tlg5026.msAint.hmt:6.198
urn:cts:greekLit:tlg0012.tlg001.msA:11.583	urn:cts:greekLit:tlg5026.msA.hmt:11.217,urn:cts:greekLit:tlg5026.msAint.hmt:11.28
urn:cts:greekLit:tlg0012.tlg001.msA:2.278	urn:cts:greekLit:tlg5026.msA.hmt:2.433,urn:cts:greekLit:tlg5026.msA.hmt:2.434,urn:cts:greekLit:tlg5026.msAim.hmt:2.438
urn:cts:greekLit:tlg0012.tlg001.msA:5.824	urn:cts:greekLit:tlg5026.msA.hmt:5.4040,urn:cts:greekLit:tlg5026.msAim.hmt:5.4064
urn:cts:greekLit:tlg0012.tlg001.msA:6.170	urn:cts:greekLit:tlg5026.msA.hmt:6.59,urn:cts:greekLit:tlg5026.msAint.hmt:6.172
urn:cts:greekLit:tlg0012.tlg001.msA:1.156	urn:cts:greekLit:tlg5026.msAim.hmt:1.497,urn:cts:greekLit:tlg5026.msAint.hmt:1.502
urn:cts:greekLit:tlg0012.tlg001.msA:10.353	urn:cts:greekLit:tlg5026.msA.hmt:10.3540,urn:cts:greekLit:tlg5026.msA.hmt:10.3541,urn:cts:greekLit:tlg5026.msAint.hmt:10.3558
urn:cts:greekLit:tlg0012.tlg001.msA:1.470	urn:cts:greekLit:tlg5026.msA.hmt:1.1184,urn:cts:greekLit:tlg5026.msAint.hmt:1.1190
urn:cts:greekLit:tlg0012.tlg001.msA:1.51	urn:cts:greekLit:tlg5026.msA.hmt:1.61,urn:cts:greekLit:tlg5026.msA.hmt:1.62,urn:cts:greekLit:tlg5026.msAim.hmt:1.82
urn:cts:greekLit:tlg0012.tlg001.msA:11.705	urn:cts:greekLit:tlg5026.msA.hmt:11.263,urn:cts:greekLit:tlg5026.msA.hmt:11.264,urn:cts:greekLit:tlg5026.msAim.hmt:11.84
urn:cts:greekLit:tlg0012.tlg001.msA:7.238	urn:cts:greekLit:tlg5026.msA.hmt:7.1058,urn:cts:greekLit:tlg5026.msA.hmt:7.1059,urn:cts:greekLit:tlg5026.msAim.hmt:7.1062
urn:cts:greekLit:tlg0012.tlg001.msA:15.694	urn:cts:greekLit:tlg5026.msAim.hmt:15.73,urn:cts:greekLit:tlg5026.msAint.hmt:15.53
urn:cts:greekLit:tlg0012.tlg001.msA:9.43	urn:cts:greekLit:tlg5026.msA.hmt:9.55,urn:cts:greekLit:tlg5026.msAim.hmt:9.65
urn:cts:greekLit:tlg0012.tlg001.msA:18.171	urn:cts:greekLit:tlg5026.msA.hmt:18.63,urn:cts:greekLit:tlg5026.msAint.hmt:18.15
urn:cts:greekLit:tlg0012.tlg001.msA:11.424	urn:cts:greekLit:tlg5026.msA.hmt:11.162,urn:cts:greekLit:tlg5026.msA.hmt:11.163,urn:cts:greekLit:tlg5026.msAim.hmt:11.50
urn:cts:greekLit:tlg0012.tlg001.msA:11.754	urn:cts:greekLit:tlg5026.msA.hmt:11.285,urn:cts:greekLit:tlg5026.msAim.hmt:11.87
urn:cts:greekLit:tlg0012.tlg001.msA:4.147	urn:cts:greekLit:tlg5026.msA.hmt:4.262,urn:cts:greekLit:tlg5026.msAint.hmt:4.260
urn:cts:greekLit:tlg0012.tlg001.msA:11.632	urn:cts:greekLit:tlg5026.msA.hmt:11.229,urn:cts:greekLit:tlg5026.msAint.hmt:11.35,urn:cts:greekLit:tlg5026.msAint.hmt:11.36
urn:cts:greekLit:tlg0012.tlg001.msA:9.698	urn:cts:greekLit:tlg5026.msA.hmt:9.663,urn:cts:greekLit:tlg5026.msAim.hmt:9.669,urn:cts:greekLit:tlg5026.msAint.hmt:9.671
urn:cts:greekLit:tlg0012.tlg001.msA:6.448	urn:cts:greekLit:tlg5026.msA.hmt:6.131,urn:cts:greekLit:tlg5026.msAim.hmt:6.272
urn:cts:greekLit:tlg0012.tlg001.msA:11.688	urn:cts:greekLit:tlg5026.msA.hmt:11.256,urn:cts:greekLit:tlg5026.msA.hmt:11.257,urn:cts:greekLit:tlg5026.msAim.hmt:11.82,urn:cts:greekLit:tlg5026.msAint.hmt:11.41
urn:cts:greekLit:tlg0012.tlg001.msA:15.49	urn:cts:greekLit:tlg5026.msAim.hmt:15.6,urn:cts:greekLit:tlg5026.msAint.hmt:15.7
urn:cts:greekLit:tlg0012.tlg001.msA:11.72	urn:cts:greekLit:tlg5026.msA.hmt:11.37,urn:cts:greekLit:tlg5026.msAim.hmt:11.8
urn:cts:greekLit:tlg0012.tlg001.msA:19.105	urn:cts:greekLit:tlg5026.msA.hmt:19.2015office10_1,urn:cts:greekLit:tlg5026.msAim.hmt:19.2015office10_1
urn:cts:greekLit:tlg0012.tlg001.msA:9.167	urn:cts:greekLit:tlg5026.msA.hmt:9.188,urn:cts:greekLit:tlg5026.msAim.hmt:9.687
urn:cts:greekLit:tlg0012.tlg001.msA:12.463	urn:cts:greekLit:tlg5026.msA.hmt:12.J6,urn:cts:greekLit:tlg5026.msAim.hmt:12.J2
urn:cts:greekLit:tlg0012.tlg001.msA:2.105	urn:cts:greekLit:tlg5026.msA.hmt:2.130,urn:cts:greekLit:tlg5026.msAint.hmt:2.145
urn:cts:greekLit:tlg0012.tlg001.msA:4.101	urn:cts:greekLit:tlg5026.msA.hmt:4.169,urn:cts:greekLit:tlg5026.msAim.hmt:4.800
urn:cts:greekLit:tlg0012.tlg001.msA:1.14	urn:cts:greekLit:tlg5026.msA.hmt:1.14,urn:cts:greekLit:tlg5026.msAim.hmt:1.21
urn:cts:greekLit:tlg0012.tlg001.msA:9.527	urn:cts:greekLit:tlg5026.msA.hmt:9.504,urn:cts:greekLit:tlg5026.msAim.hmt:9.508
urn:cts:greekLit:tlg0012.tlg001.msA:6.71	urn:cts:greekLit:tlg5026.msA.hmt:6.21,urn:cts:greekLit:tlg5026.msAim.hmt:6.218
urn:cts:greekLit:tlg0012.tlg001.msA:18.308	urn:cts:greekLit:tlg5026.msA.hmt:18.110,urn:cts:greekLit:tlg5026.msAint.hmt:18.28
urn:cts:greekLit:tlg0012.tlg001.msA:1.273	urn:cts:greekLit:tlg5026.msA.hmt:1.734,urn:cts:greekLit:tlg5026.msAint.hmt:1.741
urn:cts:greekLit:tlg0012.tlg001.msA:8.378	urn:cts:greekLit:tlg5026.msA.hmt:8.248,urn:cts:greekLit:tlg5026.msAim.hmt:8.256
urn:cts:greekLit:tlg0012.tlg001.msA:3.130	urn:cts:greekLit:tlg5026.msAim.hmt:3.705,urn:cts:greekLit:tlg5026.msAint.hmt:3.209
urn:cts:greekLit:tlg0012.tlg001.msA:10.445	urn:cts:greekLit:tlg5026.msA.hmt:10.4518,urn:cts:greekLit:tlg5026.msAim.hmt:10.4523,urn:cts:greekLit:tlg5026.msAim.hmt:10.4524
urn:cts:greekLit:tlg0012.tlg001.msA:1.596	urn:cts:greekLit:tlg5026.msAim.hmt:1.1454,urn:cts:greekLit:tlg5026.msAint.hmt:1.1456
urn:cts:greekLit:tlg0012.tlg001.msA:4.117	urn:cts:greekLit:tlg5026.msA.hmt:4.196,urn:cts:greekLit:tlg5026.msAim.hmt:4.803
urn:cts:greekLit:tlg0012.tlg001.msA:9.367	urn:cts:greekLit:tlg5026.msA.hmt:9.355,urn:cts:greekLit:tlg5026.msAim.hmt:9.364,urn:cts:greekLit:tlg5026.msAim.hmt:9.392
urn:cts:greekLit:tlg0012.tlg001.msA:3.35	urn:cts:greekLit:tlg5026.msA.hmt:3.68,urn:cts:greekLit:tlg5026.msA.hmt:3.70,urn:cts:greekLit:tlg5026.msAint.hmt:3.72
urn:cts:greekLit:tlg0012.tlg001.msA:9.571	urn:cts:greekLit:tlg5026.msA.hmt:9.545,urn:cts:greekLit:tlg5026.msA.hmt:9.546,urn:cts:greekLit:tlg5026.msA.hmt:9.693,urn:cts:greekLit:tlg5026.msAim.hmt:9.560
urn:cts:greekLit:tlg0012.tlg001.msA:18.352	urn:cts:greekLit:tlg5026.msA.hmt:18.120,urn:cts:greekLit:tlg5026.msAim.hmt:18.38
urn:cts:greekLit:tlg0012.tlg001.msA:12.26	urn:cts:greekLit:tlg5026.msA.hmt:12.B1,urn:cts:greekLit:tlg5026.msAint.hmt:12.B1
urn:cts:greekLit:tlg0012.tlg001.msA:5.64	urn:cts:greekLit:tlg5026.msA.hmt:5.1019,urn:cts:greekLit:tlg5026.msA.hmt:5.1020,urn:cts:greekLit:tlg5026.msAint.hmt:5.6025
urn:cts:greekLit:tlg0012.tlg001.msA:17.191	urn:cts:greekLit:tlg5026.msA.hmt:17.80,urn:cts:greekLit:tlg5026.msAim.hmt:17.24
urn:cts:greekLit:tlg0012.tlg001.msA:15.232	urn:cts:greekLit:tlg5026.msAim.hmt:15.35,urn:cts:greekLit:tlg5026.msAint.hmt:15.25
urn:cts:greekLit:tlg0012.tlg001.msA:14.418	urn:cts:greekLit:tlg5026.msA.hmt:14.D13,urn:cts:greekLit:tlg5026.msAim.hmt:14.D5
urn:cts:greekLit:tlg0012.tlg001.msA:11.699	urn:cts:greekLit:tlg5026.msA.hmt:11.262,urn:cts:greekLit:tlg5026.msAint.hmt:11.44
urn:cts:greekLit:tlg0012.tlg001.msA:7.118	urn:cts:greekLit:tlg5026.msA.hmt:7.406,urn:cts:greekLit:tlg5026.msAint.hmt:7.415
urn:cts:greekLit:tlg0012.tlg001.msA:10.546	urn:cts:greekLit:tlg5026.msA.hmt:10.4636,urn:cts:greekLit:tlg5026.msAim.hmt:10.4644
urn:cts:greekLit:tlg0012.tlg001.msA:11.141	urn:cts:greekLit:tlg5026.msA.hmt:11.67,urn:cts:greekLit:tlg5026.msAim.hmt:11.20
urn:cts:greekLit:tlg0012.tlg001.msA:7.64	urn:cts:greekLit:tlg5026.msA.hmt:7.205,urn:cts:greekLit:tlg5026.msA.hmt:7.206,urn:cts:greekLit:tlg5026.msAint.hmt:7.211
urn:cts:greekLit:tlg0012.tlg001.msA:18.117	urn:cts:greekLit:tlg5026.msA.hmt:18.49,urn:cts:greekLit:tlg5026.msA.hmt:18.50,urn:cts:greekLit:tlg5026.msAim.hmt:18.15
urn:cts:greekLit:tlg0012.tlg001.msA:17.599	urn:cts:greekLit:tlg5026.msA.hmt:17.119,urn:cts:greekLit:tlg5026.msAint.hmt:17.28
urn:cts:greekLit:tlg0012.tlg001.msA:9.203	urn:cts:greekLit:tlg5026.msA.hmt:9.218,urn:cts:greekLit:tlg5026.msAim.hmt:9.226
urn:cts:greekLit:tlg0012.tlg001.msA:3.215	urn:cts:greekLit:tlg5026.msA.hmt:3.337,urn:cts:greekLit:tlg5026.msAim.hmt:3.719
urn:cts:greekLit:tlg0012.tlg001.msA:7.41	urn:cts:greekLit:tlg5026.msA.hmt:7.105,urn:cts:greekLit:tlg5026.msAim.hmt:7.109
urn:cts:greekLit:tlg0012.tlg001.msA:3.150	urn:cts:greekLit:tlg5026.msAim.hmt:3.708,urn:cts:greekLit:tlg5026.msAint.hmt:3.241
urn:cts:greekLit:tlg0012.tlg001.msA:10.199	urn:cts:greekLit:tlg5026.msAim.hmt:10.1553,urn:cts:greekLit:tlg5026.msAint.hmt:10.1555
urn:cts:greekLit:tlg0012.tlg001.msA:18.239	urn:cts:greekLit:tlg5026.msA.hmt:18.84,urn:cts:greekLit:tlg5026.msAim.hmt:18.28
urn:cts:greekLit:tlg0012.tlg001.msA:2.415	urn:cts:greekLit:tlg5026.msA.hmt:2.528,urn:cts:greekLit:tlg5026.msAint.hmt:2.541
urn:cts:greekLit:tlg0012.tlg001.msA:8.22	urn:cts:greekLit:tlg5026.msAim.hmt:8.26,urn:cts:greekLit:tlg5026.msAint.hmt:8.32
urn:cts:greekLit:tlg0012.tlg001.msA:10.397	urn:cts:greekLit:tlg5026.msA.hmt:10.3579,urn:cts:greekLit:tlg5026.msA.hmt:10.3580,urn:cts:greekLit:tlg5026.msAim.hmt:10.3585
urn:cts:greekLit:tlg0012.tlg001.msA:5.272	urn:cts:greekLit:tlg5026.msA.hmt:5.1081,urn:cts:greekLit:tlg5026.msAint.hmt:5.6119
urn:cts:greekLit:tlg0012.tlg001.msA:15.601	urn:cts:greekLit:tlg5026.msA.hmt:15.160,urn:cts:greekLit:tlg5026.msAim.hmt:15.67
urn:cts:greekLit:tlg0012.tlg001.msA:15.197	urn:cts:greekLit:tlg5026.msA.hmt:15.63,urn:cts:greekLit:tlg5026.msAim.hmt:15.31
urn:cts:greekLit:tlg0012.tlg001.msA:1.434	urn:cts:greekLit:tlg5026.msA.hmt:1.1122,urn:cts:greekLit:tlg5026.msAim.hmt:1.1133
urn:cts:greekLit:tlg0012.tlg001.msA:15.94	urn:cts:greekLit:tlg5026.msA.hmt:15.31,urn:cts:greekLit:tlg5026.msAim.hmt:15.15
urn:cts:greekLit:tlg0012.tlg001.msA:12.280	urn:cts:greekLit:tlg5026.msA.hmt:12.G20,urn:cts:greekLit:tlg5026.msAim.hmt:12.G3
urn:cts:greekLit:tlg0012.tlg001.msA:7.104	urn:cts:greekLit:tlg5026.msA.hmt:7.402,urn:cts:greekLit:tlg5026.msAim.hmt:7.408,urn:cts:greekLit:tlg5026.msAint.hmt:7.4001
urn:cts:greekLit:tlg0012.tlg001.msA:4.458	urn:cts:greekLit:tlg5026.msA.hmt:4.691,urn:cts:greekLit:tlg5026.msAint.hmt:4.690
urn:cts:greekLit:tlg0012.tlg001.msA:2.154	urn:cts:greekLit:tlg5026.msA.hmt:2.233,urn:cts:greekLit:tlg5026.msAim.hmt:2.241
urn:cts:greekLit:tlg0012.tlg001.msA:9.214	urn:cts:greekLit:tlg5026.msA.hmt:9.244,urn:cts:greekLit:tlg5026.msA.hmt:9.245,urn:cts:greekLit:tlg5026.msAim.hmt:9.258
urn:cts:greekLit:tlg0012.tlg001.msA:18.7	urn:cts:greekLit:tlg5026.msA.hmt:18.6,urn:cts:greekLit:tlg5026.msAim.hmt:18.1
urn:cts:greekLit:tlg0012.tlg001.msA:9.564	urn:cts:greekLit:tlg5026.msAim.hmt:9.556,urn:cts:greekLit:tlg5026.msAint.hmt:9.564
urn:cts:greekLit:tlg0012.tlg001.msA:10.418	urn:cts:greekLit:tlg5026.msA.hmt:10.4500,urn:cts:greekLit:tlg5026.msAim.hmt:10.4013
urn:cts:greekLit:tlg0012.tlg001.msA:2.6	urn:cts:greekLit:tlg5026.msA.hmt:2.7,urn:cts:greekLit:tlg5026.msA.hmt:2.8,urn:cts:greekLit:tlg5026.msAint.hmt:2.14
urn:cts:greekLit:tlg0012.tlg001.msA:10.266	urn:cts:greekLit:tlg5026.msA.hmt:10.2508,urn:cts:greekLit:tlg5026.msAint.hmt:10.2518
urn:cts:greekLit:tlg0012.tlg001.msA:1.222	urn:cts:greekLit:tlg5026.msA.hmt:1.609,urn:cts:greekLit:tlg5026.msA.hmt:1.610,urn:cts:greekLit:tlg5026.msAim.hmt:1.615
urn:cts:greekLit:tlg0012.tlg001.msA:5.146	urn:cts:greekLit:tlg5026.msA.hmt:5.1045,urn:cts:greekLit:tlg5026.msAim.hmt:5.6044
urn:cts:greekLit:tlg0012.tlg001.msA:4.315	urn:cts:greekLit:tlg5026.msA.hmt:4.506,urn:cts:greekLit:tlg5026.msAim.hmt:4.844
urn:cts:greekLit:tlg0012.tlg001.msA:1.277	urn:cts:greekLit:tlg5026.msA.hmt:1.793,urn:cts:greekLit:tlg5026.msAim.hmt:1.804
urn:cts:greekLit:tlg0012.tlg001.msA:4.308	urn:cts:greekLit:tlg5026.msA.hmt:4.495,urn:cts:greekLit:tlg5026.msAim.hmt:4.836
urn:cts:greekLit:tlg0012.tlg001.msA:17.260	urn:cts:greekLit:tlg5026.msA.hmt:17.109,urn:cts:greekLit:tlg5026.msAim.hmt:17.34
urn:cts:greekLit:tlg0012.tlg001.msA:4.483	urn:cts:greekLit:tlg5026.msA.hmt:4.718,urn:cts:greekLit:tlg5026.msAim.hmt:4.876
urn:cts:greekLit:tlg0012.tlg001.msA:18.489	urn:cts:greekLit:tlg5026.msA.hmt:18.172,urn:cts:greekLit:tlg5026.msAint.hmt:18.39
urn:cts:greekLit:tlg0012.tlg001.msA:5.665	urn:cts:greekLit:tlg5026.msA.hmt:5.4000,urn:cts:greekLit:tlg5026.msAim.hmt:5.4043
urn:cts:greekLit:tlg0012.tlg001.msA:2.337	urn:cts:greekLit:tlg5026.msA.hmt:2.478,urn:cts:greekLit:tlg5026.msAim.hmt:2.481
urn:cts:greekLit:tlg0012.tlg001.msA:11.421	urn:cts:greekLit:tlg5026.msA.hmt:11.161,urn:cts:greekLit:tlg5026.msAim.hmt:11.48,urn:cts:greekLit:tlg5026.msAint.hmt:11.16
urn:cts:greekLit:tlg0012.tlg001.msA:12.340	urn:cts:greekLit:tlg5026.msA.hmt:12.H33,urn:cts:greekLit:tlg5026.msA.hmt:12.H34,urn:cts:greekLit:tlg5026.msAint.hmt:12.H4
urn:cts:greekLit:tlg0012.tlg001.msA:9.19	urn:cts:greekLit:tlg5026.msA.hmt:9.32,urn:cts:greekLit:tlg5026.msAint.hmt:9.43
urn:cts:greekLit:tlg0012.tlg001.msA:15.189	urn:cts:greekLit:tlg5026.msA.hmt:15.58,urn:cts:greekLit:tlg5026.msA.hmt:15.59,urn:cts:greekLit:tlg5026.msA.hmt:15.65,urn:cts:greekLit:tlg5026.msAint.hmt:15.21
urn:cts:greekLit:tlg0012.tlg001.msA:3.434	urn:cts:greekLit:tlg5026.msA.hmt:3.635,urn:cts:greekLit:tlg5026.msAim.hmt:3.777
urn:cts:greekLit:tlg0012.tlg001.msA:9.58	urn:cts:greekLit:tlg5026.msA.hmt:9.62,urn:cts:greekLit:tlg5026.msAim.hmt:9.683
urn:cts:greekLit:tlg0012.tlg001.msA:2.852	urn:cts:greekLit:tlg5026.msA.hmt:2.793,urn:cts:greekLit:tlg5026.msAint.hmt:2.801
urn:cts:greekLit:tlg0012.tlg001.msA:9.497	urn:cts:greekLit:tlg5026.msA.hmt:9.471,urn:cts:greekLit:tlg5026.msAint.hmt:9.481
urn:cts:greekLit:tlg0012.tlg001.msA:10.161	urn:cts:greekLit:tlg5026.msA.hmt:10.1526,urn:cts:greekLit:tlg5026.msAim.hmt:10.1533
urn:cts:greekLit:tlg0012.tlg001.msA:10.110	urn:cts:greekLit:tlg5026.msA.hmt:10.1003,urn:cts:greekLit:tlg5026.msAim.hmt:10.1004,urn:cts:greekLit:tlg5026.msAint.hmt:10.1012
urn:cts:greekLit:tlg0012.tlg001.msA:10.321	urn:cts:greekLit:tlg5026.msA.hmt:10.3006,urn:cts:greekLit:tlg5026.msAint.hmt:10.3011
urn:cts:greekLit:tlg0012.tlg001.msA:6.155	urn:cts:greekLit:tlg5026.msA.hmt:6.54,urn:cts:greekLit:tlg5026.msAim.hmt:6.225
urn:cts:greekLit:tlg0012.tlg001.msA:11.297	urn:cts:greekLit:tlg5026.msA.hmt:11.119,urn:cts:greekLit:tlg5026.msA.hmt:11.120,urn:cts:greekLit:tlg5026.msAim.hmt:11.27
urn:cts:greekLit:tlg0012.tlg001.msA:10.375	urn:cts:greekLit:tlg5026.msA.hmt:10.3553,urn:cts:greekLit:tlg5026.msAim.hmt:10.3356
urn:cts:greekLit:tlg0012.tlg001.msA:5.6	urn:cts:greekLit:tlg5026.msA.hmt:5.1005,urn:cts:greekLit:tlg5026.msAint.hmt:5.6002
urn:cts:greekLit:tlg0012.tlg001.msA:4.164	urn:cts:greekLit:tlg5026.msA.hmt:4.296,urn:cts:greekLit:tlg5026.msAint.hmt:4.300
urn:cts:greekLit:tlg0012.tlg001.msA:2.56	urn:cts:greekLit:tlg5026.msA.hmt:2.66,urn:cts:greekLit:tlg5026.msA.hmt:2.67,urn:cts:greekLit:tlg5026.msAint.hmt:2.74
urn:cts:greekLit:tlg0012.tlg001.msA:10.48	urn:cts:greekLit:tlg5026.msA.hmt:10.6000,urn:cts:greekLit:tlg5026.msAim.hmt:10.51,urn:cts:greekLit:tlg5026.msAint.hmt:10.56
urn:cts:greekLit:tlg0012.tlg001.msA:2.89	urn:cts:greekLit:tlg5026.msAim.hmt:2.135,urn:cts:greekLit:tlg5026.msAint.hmt:2.140
urn:cts:greekLit:tlg0012.tlg001.msA:8.435	urn:cts:greekLit:tlg5026.msA.hmt:8.271,urn:cts:greekLit:tlg5026.msA.hmt:8.272,urn:cts:greekLit:tlg5026.msAint.hmt:8.285
urn:cts:greekLit:tlg0012.tlg001.msA:9.452	urn:cts:greekLit:tlg5026.msAim.hmt:9.420,urn:cts:greekLit:tlg5026.msAint.hmt:9.425
urn:cts:greekLit:tlg0012.tlg001.msA:2.255	urn:cts:greekLit:tlg5026.msA.hmt:2.414,urn:cts:greekLit:tlg5026.msAim.hmt:2.420
urn:cts:greekLit:tlg0012.tlg001.msA:14.249	urn:cts:greekLit:tlg5026.msA.hmt:14.C26,urn:cts:greekLit:tlg5026.msAint.hmt:14.C11
urn:cts:greekLit:tlg0012.tlg001.msA:2.99	urn:cts:greekLit:tlg5026.msA.hmt:2.125,urn:cts:greekLit:tlg5026.msAint.hmt:2.143
urn:cts:greekLit:tlg0012.tlg001.msA:2.35	urn:cts:greekLit:tlg5026.msAim.hmt:2.31,urn:cts:greekLit:tlg5026.msAint.hmt:2.33
urn:cts:greekLit:tlg0012.tlg001.msA:3.416	urn:cts:greekLit:tlg5026.msA.hmt:3.610,urn:cts:greekLit:tlg5026.msAim.hmt:3.771
urn:cts:greekLit:tlg0012.tlg001.msA:4.139	urn:cts:greekLit:tlg5026.msA.hmt:4.234,urn:cts:greekLit:tlg5026.msAint.hmt:4.235
urn:cts:greekLit:tlg0012.tlg001.msA:8.526	urn:cts:greekLit:tlg5026.msA.hmt:8.325,urn:cts:greekLit:tlg5026.msAim.hmt:8.334
urn:cts:greekLit:tlg0012.tlg001.msA:8.103	urn:cts:greekLit:tlg5026.msAim.hmt:8.90,urn:cts:greekLit:tlg5026.msAint.hmt:8.93
urn:cts:greekLit:tlg0012.tlg001.msA:15.17	urn:cts:greekLit:tlg5026.msA.hmt:15.15,urn:cts:greekLit:tlg5026.msAint.hmt:15.2
urn:cts:greekLit:tlg0012.tlg001.msA:14.173	urn:cts:greekLit:tlg5026.msA.hmt:14.G19,urn:cts:greekLit:tlg5026.msAim.hmt:14.G7
urn:cts:greekLit:tlg0012.tlg001.msA:9.170	urn:cts:greekLit:tlg5026.msA.hmt:9.191,urn:cts:greekLit:tlg5026.msAim.hmt:9.194
urn:cts:greekLit:tlg0012.tlg001.msA:1.59	urn:cts:greekLit:tlg5026.msA.hmt:1.66,urn:cts:greekLit:tlg5026.msA.hmt:1.67,urn:cts:greekLit:tlg5026.msA.hmt:1.68,urn:cts:greekLit:tlg5026.msAim.hmt:1.84
urn:cts:greekLit:tlg0012.tlg001.msA:17.170	urn:cts:greekLit:tlg5026.msA.hmt:17.70,urn:cts:greekLit:tlg5026.msAint.hmt:17.20
urn:cts:greekLit:tlg0012.tlg001.msA:8.125	urn:cts:greekLit:tlg5026.msA.hmt:8.101,urn:cts:greekLit:tlg5026.msAim.hmt:8.109
urn:cts:greekLit:tlg0012.tlg001.msA:14.223	urn:cts:greekLit:tlg5026.msA.hmt:14.C16,urn:cts:greekLit:tlg5026.msAim.hmt:14.C7
urn:cts:greekLit:tlg0012.tlg001.msA:9.568	urn:cts:greekLit:tlg5026.msA.hmt:9.543,urn:cts:greekLit:tlg5026.msA.hmt:9.547,urn:cts:greekLit:tlg5026.msAim.hmt:9.559
urn:cts:greekLit:tlg0012.tlg001.msA:19.80	urn:cts:greekLit:tlg5026.msA.hmt:19.2015office9_4,urn:cts:greekLit:tlg5026.msAint.hmt:19.2015office9_2
urn:cts:greekLit:tlg0012.tlg001.msA:4.251	urn:cts:greekLit:tlg5026.msA.hmt:4.437,urn:cts:greekLit:tlg5026.msAint.hmt:4.434
urn:cts:greekLit:tlg0012.tlg001.msA:1.607	urn:cts:greekLit:tlg5026.msA.hmt:1.1497,urn:cts:greekLit:tlg5026.msAint.hmt:1.1503
